1;Aegagropila linnaei;https%3A%2F%2Ftropica.com%2F%2Fen%2Fplants%2Fplantdetails%2FAegagropilalinnaei%28000CST%29%2F4385;https%3A%2F%2Ftropica.com%2Fimagegen.ashx%3Fwidth%3D200%26image%3D%2FPlants%2F000C%20ST%2F2.png%26crop%3Dresize%26class%3Dproduct;Moss;Cosmopolitan;lento;3;10;poca;poca;/Graphics/Web/icon_difficulty_Easy.png;Easy.png
2;Aegagropila linnaei;https%3A%2F%2Ftropica.com%2F%2Fen%2Fplants%2Fplantdetails%2FAegagropilalinnaei%28000DMP%29%2F19534;https%3A%2F%2Ftropica.com%2Fimagegen.ashx%3Fwidth%3D200%26image%3D%2FPlants%2F000D%20MP%2F2.png%26crop%3Dresize%26class%3Dproduct;Moss;Cosmopolitan;lento;3;10;poca;poca;/Graphics/Web/icon_difficulty_Easy.png;Easy.png
3;Alternanthera reineckii 'Mini';https%3A%2F%2Ftropica.com%2F%2Fen%2Fplants%2Fplantdetails%2FAlternantherareineckii%27Mini%27%28023CTC%29%2F4439;https%3A%2F%2Ftropica.com%2Fimagegen.ashx%3Fwidth%3D200%26image%3D%2FPlants%2F023C%20TC%2F2.png%26crop%3Dresize%26class%3Dproduct;Stem;Cultivar;medio;5;10;media;media;/Graphics/Web/icon_difficulty_Medium.png;Medium.png
4;Alternanthera reineckii 'Pink';https%3A%2F%2Ftropica.com%2F%2Fen%2Fplants%2Fplantdetails%2FAlternantherareineckii%27Pink%27%28023XL%29%2F4437;https%3A%2F%2Ftropica.com%2Fimagegen.ashx%3Fwidth%3D200%26image%3D%2FPlants%2F023%20XL%2F2.png%26crop%3Dresize%26class%3Dproduct;Stem;South America;medio;20;30;media;media;/Graphics/Web/icon_difficulty_Medium.png;Medium.png
5;Alternanthera reineckii 'Pink';https%3A%2F%2Ftropica.com%2F%2Fen%2Fplants%2Fplantdetails%2FAlternantherareineckii%27Pink%27%28023%29%2F4436;https%3A%2F%2Ftropica.com%2Fimagegen.ashx%3Fwidth%3D200%26image%3D%2FPlants%2F023%2F2.png%26crop%3Dresize%26class%3Dproduct;Stem;South America;medio;20;30;media;media;/Graphics/Web/icon_difficulty_Medium.png;Medium.png
6;Alternanthera reineckii 'Rosanervig';https%3A%2F%2Ftropica.com%2F%2Fen%2Fplants%2Fplantdetails%2FAlternantherareineckii%27Rosanervig%27%28023D%29%2F4440;https%3A%2F%2Ftropica.com%2Fimagegen.ashx%3Fwidth%3D200%26image%3D%2FPlants%2F023D%2F2.png%26crop%3Dresize%26class%3Dproduct;Stem;Cultivar;medio;5;20;media;media;/Graphics/Web/icon_difficulty_Medium.png;Medium.png
7;Ammannia crassicaulis;https%3A%2F%2Ftropica.com%2F%2Fen%2Fplants%2Fplantdetails%2FAmmanniacrassicaulis%28033B%29%2F4449;https%3A%2F%2Ftropica.com%2Fimagegen.ashx%3Fwidth%3D200%26image%3D%2FPlants%2F033B%2F2.png%26crop%3Dresize%26class%3Dproduct;Stem;Africa;medio;20;30;media;media;/Graphics/Web/icon_difficulty_Medium.png;Medium.png
8;Anubias barteri  Coin Leaf ;https%3A%2F%2Ftropica.com%2F%2Fen%2Fplants%2Fplantdetails%2FAnubiasbarteri%E2%80%99CoinLeaf%E2%80%99%28101F%29%2F29447;https%3A%2F%2Ftropica.com%2Fimagegen.ashx%3Fwidth%3D200%26image%3D%2FPlants%2F101F%2F2.JPG%26crop%3Dresize%26class%3Dproduct;Rhizomatous;Cultivar;lento;5;15;poca;poca;/Graphics/Web/icon_difficulty_Easy.png;Easy.png
9;Anubias barteri caladiifolia;https%3A%2F%2Ftropica.com%2F%2Fen%2Fplants%2Fplantdetails%2FAnubiasbartericaladiifolia%28101UPCS%29%2F18816;https%3A%2F%2Ftropica.com%2Fimagegen.ashx%3Fwidth%3D200%26image%3D%2FPlants%2F101U%20PCS%2F2.JPG%26crop%3Dresize%26class%3Dproduct;Rhizomatous;Cultivar;lento;10;15;poca;poca;/Graphics/Web/icon_difficulty_Easy.png;Easy.png
10;Anubias barteri 'Mini Coin';https%3A%2F%2Ftropica.com%2F%2Fen%2Fplants%2Fplantdetails%2FAnubiasbarteri%27MiniCoin%27%28101BTC%29%2F28816;https%3A%2F%2Ftropica.com%2Fimagegen.ashx%3Fwidth%3D200%26image%3D%2FPlants%2F101B%20TC%2F2.JPG%26crop%3Dresize%26class%3Dproduct;Rhizomatous;Cultivar;lento;3;10;poca;poca;/Graphics/Web/icon_difficulty_Easy.png;Easy.png
11;Anubias barteri nana;https%3A%2F%2Ftropica.com%2F%2Fen%2Fplants%2Fplantdetails%2FAnubiasbarterinana%28101TC%29%2F18895;https%3A%2F%2Ftropica.com%2Fimagegen.ashx%3Fwidth%3D200%26image%3D%2FPlants%2F101%20TC%2F2.JPG%26crop%3Dresize%26class%3Dproduct;Rhizomatous;Africa;lento;5;15;poca;poca;/Graphics/Web/icon_difficulty_Easy.png;Easy.png
12;Anubias barteri 'Petite';https%3A%2F%2Ftropica.com%2F%2Fen%2Fplants%2Fplantdetails%2FAnubiasbarteri%27Petite%27%28101H%29%2F4554;https%3A%2F%2Ftropica.com%2Fimagegen.ashx%3Fwidth%3D200%26image%3D%2FPlants%2F101H%2F2.png%26crop%3Dresize%26class%3Dproduct;Rhizomatous;Cultivar;lento;3;5;poca;poca;/Graphics/Web/icon_difficulty_Easy.png;Easy.png
13;Anubias barteri sp.;https%3A%2F%2Ftropica.com%2F%2Fen%2Fplants%2Fplantdetails%2FAnubiasbarterisp.%28101YWX%29%2F4549;https%3A%2F%2Ftropica.com%2Fimagegen.ashx%3Fwidth%3D200%26image%3D%2FPlants%2F101%20YWX%2F2.png%26crop%3Dresize%26class%3Dproduct;Rhizomatous;Africa;lento;5;15;poca;poca;/Graphics/Web/icon_difficulty_Easy.png;Easy.png
14;Anubias barteri var. barteri;https%3A%2F%2Ftropica.com%2F%2Fen%2Fplants%2Fplantdetails%2FAnubiasbarterivar.barteri%28101A%29%2F4551;https%3A%2F%2Ftropica.com%2Fimagegen.ashx%3Fwidth%3D200%26image%3D%2FPlants%2F101A%2F2.png%26crop%3Dresize%26class%3Dproduct;Rhizomatous;Africa;lento;20;30;poca;poca;/Graphics/Web/icon_difficulty_Easy.png;Easy.png
15;Anubias barteri var. caladiifolia;https%3A%2F%2Ftropica.com%2F%2Fen%2Fplants%2Fplantdetails%2FAnubiasbarterivar.caladiifolia%28101UXL%29%2F4557;https%3A%2F%2Ftropica.com%2Fimagegen.ashx%3Fwidth%3D200%26image%3D%2FPlants%2F101U%20XL%2F2.png%26crop%3Dresize%26class%3Dproduct;Rhizomatous;Cultivar;lento;10;15;poca;poca;/Graphics/Web/icon_difficulty_Easy.png;Easy.png
16;Anubias barteri var. caladiifolia;https%3A%2F%2Ftropica.com%2F%2Fen%2Fplants%2Fplantdetails%2FAnubiasbarterivar.caladiifolia%28101U%29%2F4556;https%3A%2F%2Ftropica.com%2Fimagegen.ashx%3Fwidth%3D200%26image%3D%2FPlants%2F101U%2F2.png%26crop%3Dresize%26class%3Dproduct;Rhizomatous;Cultivar;lento;10;15;poca;poca;/Graphics/Web/icon_difficulty_Easy.png;Easy.png
17;Anubias barteri var. 'Coffeifolia';https%3A%2F%2Ftropica.com%2F%2Fen%2Fplants%2Fplantdetails%2FAnubiasbarterivar.%27Coffeifolia%27%28101G%29%2F4553;https%3A%2F%2Ftropica.com%2Fimagegen.ashx%3Fwidth%3D200%26image%3D%2FPlants%2F101G%2F2.png%26crop%3Dresize%26class%3Dproduct;Rhizomatous;Cultivar;lento;15;30;poca;poca;/Graphics/Web/icon_difficulty_Easy.png;Easy.png
18;Anubias barteri var. glabra;https%3A%2F%2Ftropica.com%2F%2Fen%2Fplants%2Fplantdetails%2FAnubiasbarterivar.glabra%28101C%29%2F4552;https%3A%2F%2Ftropica.com%2Fimagegen.ashx%3Fwidth%3D200%26image%3D%2FPlants%2F101C%2F2.png%26crop%3Dresize%26class%3Dproduct;Rhizomatous;Africa;lento;10;15;poca;poca;/Graphics/Web/icon_difficulty_Easy.png;Easy.png
19;Anubias barteri var. nana;https%3A%2F%2Ftropica.com%2F%2Fen%2Fplants%2Fplantdetails%2FAnubiasbarterivar.nana%28101PCS%29%2F18806;https%3A%2F%2Ftropica.com%2Fimagegen.ashx%3Fwidth%3D200%26image%3D%2FPlants%2F101%20PCS%2F2.png%26crop%3Dresize%26class%3Dproduct;Rhizomatous;Africa;lento;5;15;poca;poca;/Graphics/Web/icon_difficulty_Easy.png;Easy.png
20;Anubias barteri var. nana;https%3A%2F%2Ftropica.com%2F%2Fen%2Fplants%2Fplantdetails%2FAnubiasbarterivar.nana%28101YLS%29%2F4546;https%3A%2F%2Ftropica.com%2Fimagegen.ashx%3Fwidth%3D200%26image%3D%2FPlants%2F101%20YLS%2F2.png%26crop%3Dresize%26class%3Dproduct;Rhizomatous;Africa;lento;5;15;poca;poca;/Graphics/Web/icon_difficulty_Easy.png;Easy.png
21;Anubias barteri var. nana;https%3A%2F%2Ftropica.com%2F%2Fen%2Fplants%2Fplantdetails%2FAnubiasbarterivar.nana%28101YWS%29%2F4548;https%3A%2F%2Ftropica.com%2Fimagegen.ashx%3Fwidth%3D200%26image%3D%2FPlants%2F101%20YWS%2F2.png%26crop%3Dresize%26class%3Dproduct;Rhizomatous;Africa;lento;5;15;poca;poca;/Graphics/Web/icon_difficulty_Easy.png;Easy.png
22;Anubias barteri var. nana;https%3A%2F%2Ftropica.com%2F%2Fen%2Fplants%2Fplantdetails%2FAnubiasbarterivar.nana%28101ZWS%29%2F4550;https%3A%2F%2Ftropica.com%2Fimagegen.ashx%3Fwidth%3D200%26image%3D%2FPlants%2F101%20ZWS%2F2.png%26crop%3Dresize%26class%3Dproduct;Rhizomatous;Africa;lento;5;15;poca;poca;/Graphics/Web/icon_difficulty_Easy.png;Easy.png
23;Anubias barteri var. nana;https%3A%2F%2Ftropica.com%2F%2Fen%2Fplants%2Fplantdetails%2FAnubiasbarterivar.nana%28101%29%2F4545;https%3A%2F%2Ftropica.com%2Fimagegen.ashx%3Fwidth%3D200%26image%3D%2FPlants%2F101%2F2.png%26crop%3Dresize%26class%3Dproduct;Rhizomatous;Africa;lento;5;15;poca;poca;/Graphics/Web/icon_difficulty_Easy.png;Easy.png
24;Anubias barteri var. nana;https%3A%2F%2Ftropica.com%2F%2Fen%2Fplants%2Fplantdetails%2FAnubiasbarterivar.nana%28510YCS%29%2F28184;https%3A%2F%2Ftropica.com%2Fimagegen.ashx%3Fwidth%3D200%26image%3D%2FPlants%2F510%20YCS%2F2.JPG%26crop%3Dresize%26class%3Dproduct;Rhizomatous;Africa;lento;5;15;poca;poca;/Graphics/Web/icon_difficulty_Easy.png;Easy.png
25;Anubias barteri var. nana  Kirin ;https%3A%2F%2Ftropica.com%2F%2Fen%2Fplants%2Fplantdetails%2FAnubiasbarterivar.nana%E2%80%99Kirin%E2%80%99%28101K%29%2F29448;https%3A%2F%2Ftropica.com%2Fimagegen.ashx%3Fwidth%3D200%26image%3D%2FPlants%2F101K%2F2.JPG%26crop%3Dresize%26class%3Dproduct;Rhizomatous;Cultivar;lento;3;5;poca;poca;/Graphics/Web/icon_difficulty_Easy.png;Easy.png
26;Anubias barteri var. nana  Pinto ;https%3A%2F%2Ftropica.com%2F%2Fen%2Fplants%2Fplantdetails%2FAnubiasbarterivar.nana%E2%80%99Pinto%E2%80%99%28101E%29%2F29446;https%3A%2F%2Ftropica.com%2Fimagegen.ashx%3Fwidth%3D200%26image%3D%2FPlants%2F101E%2F2.JPG%26crop%3Dresize%26class%3Dproduct;Rhizomatous;Cultivar;lento;5;5;media;poca;/Graphics/Web/icon_difficulty_Easy.png;Easy.png
27;Anubias barteri var. nana 'Large';https%3A%2F%2Ftropica.com%2F%2Fen%2Fplants%2Fplantdetails%2FAnubiasbarterivar.nana%27Large%27%28101L%29%2F19785;https%3A%2F%2Ftropica.com%2Fimagegen.ashx%3Fwidth%3D200%26image%3D%2FPlants%2F101L%2F2.png%26crop%3Dresize%26class%3Dproduct;Rhizomatous;Africa;lento;5;15;poca;poca;/Graphics/Web/icon_difficulty_Easy.png;Easy.png
28;Anubias gracilis;https%3A%2F%2Ftropica.com%2F%2Fen%2Fplants%2Fplantdetails%2FAnubiasgracilis%28101D%29%2F17819;https%3A%2F%2Ftropica.com%2Fimagegen.ashx%3Fwidth%3D200%26image%3D%2FPlants%2F101D%2F2.png%26crop%3Dresize%26class%3Dproduct;Rhizomatous;Africa;lento;10;20;poca;poca;/Graphics/Web/icon_difficulty_Easy.png;Easy.png
29;Aponogeton boivinianus;https%3A%2F%2Ftropica.com%2F%2Fen%2Fplants%2Fplantdetails%2FAponogetonboivinianus%28088KN%29%2F4534;https%3A%2F%2Ftropica.com%2Fimagegen.ashx%3Fwidth%3D200%26image%3D%2FPlants%2F088%20KN%2F2.png%26crop%3Dresize%26class%3Dproduct;Bulb/onion;Africa;veloce;20;30;media;poca;/Graphics/Web/icon_difficulty_Medium.png;Medium.png
30;Aponogeton longiplumulosus;https%3A%2F%2Ftropica.com%2F%2Fen%2Fplants%2Fplantdetails%2FAponogetonlongiplumulosus%28089DKN%29%2F4536;https%3A%2F%2Ftropica.com%2Fimagegen.ashx%3Fwidth%3D200%26image%3D%2FPlants%2F089D%20KN%2F2.png%26crop%3Dresize%26class%3Dproduct;Bulb/onion;Africa;medio;20;30;poca;poca;/Graphics/Web/icon_difficulty_Medium.png;Medium.png
31;Aponogeton madagascariensis;https%3A%2F%2Ftropica.com%2F%2Fen%2Fplants%2Fplantdetails%2FAponogetonmadagascariensis%28089KN%29%2F4535;https%3A%2F%2Ftropica.com%2Fimagegen.ashx%3Fwidth%3D200%26image%3D%2FPlants%2F089%20KN%2F2.png%26crop%3Dresize%26class%3Dproduct;Bulb/onion;Africa;medio;20;30;media;poca;/Graphics/Web/icon_difficulty_Medium.png;Medium.png
32;Aponogeton ulvaceus;https%3A%2F%2Ftropica.com%2F%2Fen%2Fplants%2Fplantdetails%2FAponogetonulvaceus%28086KN%29%2F4533;https%3A%2F%2Ftropica.com%2Fimagegen.ashx%3Fwidth%3D200%26image%3D%2FPlants%2F086%20KN%2F2.JPG%26crop%3Dresize%26class%3Dproduct;Bulb/onion;Africa;veloce;20;30;media;poca;/Graphics/Web/icon_difficulty_Medium.png;Medium.png
33;Bacopa australis;https%3A%2F%2Ftropica.com%2F%2Fen%2Fplants%2Fplantdetails%2FBacopaaustralis%28043A%29%2F4466;https%3A%2F%2Ftropica.com%2Fimagegen.ashx%3Fwidth%3D200%26image%3D%2FPlants%2F043A%2F2.png%26crop%3Dresize%26class%3Dproduct;Stem;South America;veloce;5;30;media;media;/Graphics/Web/icon_difficulty_Medium.png;Medium.png
34;Bacopa caroliniana;https%3A%2F%2Ftropica.com%2F%2Fen%2Fplants%2Fplantdetails%2FBacopacaroliniana%28043BDT%29%2F4465;https%3A%2F%2Ftropica.com%2Fimagegen.ashx%3Fwidth%3D200%26image%3D%2FPlants%2F043%20BDT%2F2.png%26crop%3Dresize%26class%3Dproduct;Stem;North America;lento;10;30;poca;poca;/Graphics/Web/icon_difficulty_Easy.png;Easy.png
35;Bacopa caroliniana;https%3A%2F%2Ftropica.com%2F%2Fen%2Fplants%2Fplantdetails%2FBacopacaroliniana%28043MP%29%2F18811;https%3A%2F%2Ftropica.com%2Fimagegen.ashx%3Fwidth%3D200%26image%3D%2FPlants%2F043%20MP%2F2.png%26crop%3Dresize%26class%3Dproduct;Stem;North America;lento;20;30;poca;poca;/Graphics/Web/icon_difficulty_Easy.png;Easy.png
36;Bacopa caroliniana;https%3A%2F%2Ftropica.com%2F%2Fen%2Fplants%2Fplantdetails%2FBacopacaroliniana%28043TC%29%2F18752;https%3A%2F%2Ftropica.com%2Fimagegen.ashx%3Fwidth%3D200%26image%3D%2FPlants%2F043%20TC%2F2.JPG%26crop%3Dresize%26class%3Dproduct;Stem;North America;lento;20;30;poca;poca;/Graphics/Web/icon_difficulty_Easy.png;Easy.png
37;Bacopa caroliniana;https%3A%2F%2Ftropica.com%2F%2Fen%2Fplants%2Fplantdetails%2FBacopacaroliniana%28043%29%2F4464;https%3A%2F%2Ftropica.com%2Fimagegen.ashx%3Fwidth%3D200%26image%3D%2FPlants%2F043%2F2.png%26crop%3Dresize%26class%3Dproduct;Stem;North America;lento;20;30;poca;poca;/Graphics/Web/icon_difficulty_Easy.png;Easy.png
38;Bacopa monnieri 'Compact';https%3A%2F%2Ftropica.com%2F%2Fen%2Fplants%2Fplantdetails%2FBacopamonnieri%27Compact%27%28044APCS%29%2F18800;https%3A%2F%2Ftropica.com%2Fimagegen.ashx%3Fwidth%3D200%26image%3D%2FPlants%2F044A%20PCS%2F2.png%26crop%3Dresize%26class%3Dproduct;Stem;Cultivar;veloce;3;10;poca;poca;/Graphics/Web/icon_difficulty_Easy.png;Easy.png
39;Bacopa monnieri 'Compact';https%3A%2F%2Ftropica.com%2F%2Fen%2Fplants%2Fplantdetails%2FBacopamonnieri%27Compact%27%28044A%29%2F4467;https%3A%2F%2Ftropica.com%2Fimagegen.ashx%3Fwidth%3D200%26image%3D%2FPlants%2F044A%2F2.png%26crop%3Dresize%26class%3Dproduct;Stem;Cultivar;veloce;3;10;poca;poca;/Graphics/Web/icon_difficulty_Easy.png;Easy.png
40;Blyxa japonica;https%3A%2F%2Ftropica.com%2F%2Fen%2Fplants%2Fplantdetails%2FBlyxajaponica%28057TC%29%2F22542;https%3A%2F%2Ftropica.com%2Fimagegen.ashx%3Fwidth%3D200%26image%3D%2FPlants%2F057%20TC%2F2.JPG%26crop%3Dresize%26class%3Dproduct;Rosulate;Asia;medio;10;20;media;media;/Graphics/Web/icon_difficulty_Medium.png;Medium.png
41;Bolbitis heudelotii;https%3A%2F%2Ftropica.com%2F%2Fen%2Fplants%2Fplantdetails%2FBolbitisheudelotii%28006XL%29%2F18376;https%3A%2F%2Ftropica.com%2Fimagegen.ashx%3Fwidth%3D200%26image%3D%2FPlants%2F006%20XL%2F2.JPG%26crop%3Dresize%26class%3Dproduct;Rhizomatous;Africa;lento;15;30;media;media;/Graphics/Web/icon_difficulty_Medium.png;Medium.png
42;Bolbitis heudelotii;https%3A%2F%2Ftropica.com%2F%2Fen%2Fplants%2Fplantdetails%2FBolbitisheudelotii%28006YWS%29%2F4407;https%3A%2F%2Ftropica.com%2Fimagegen.ashx%3Fwidth%3D200%26image%3D%2FPlants%2F006%20YWS%2F2.png%26crop%3Dresize%26class%3Dproduct;Rhizomatous;Africa;lento;15;30;media;media;/Graphics/Web/icon_difficulty_Medium.png;Medium.png
43;Bolbitis heudelotii;https%3A%2F%2Ftropica.com%2F%2Fen%2Fplants%2Fplantdetails%2FBolbitisheudelotii%28006%29%2F4406;https%3A%2F%2Ftropica.com%2Fimagegen.ashx%3Fwidth%3D200%26image%3D%2FPlants%2F006%2F2.png%26crop%3Dresize%26class%3Dproduct;Rhizomatous;Africa;lento;15;30;media;media;/Graphics/Web/icon_difficulty_Medium.png;Medium.png
44;Bucephalandra 'Kedagang';https%3A%2F%2Ftropica.com%2F%2Fen%2Fplants%2Fplantdetails%2FBucephalandra%27Kedagang%27%28139BTC%29%2F22544;https%3A%2F%2Ftropica.com%2Fimagegen.ashx%3Fwidth%3D200%26image%3D%2FPlants%2F139B%20TC%2F2.JPG%26crop%3Dresize%26class%3Dproduct;Rhizomatous;Asia;lento;10;20;poca;poca;/Graphics/Web/icon_difficulty_Easy.png;Easy.png
45;Bucephalandra 'Kedagang';https%3A%2F%2Ftropica.com%2F%2Fen%2Fplants%2Fplantdetails%2FBucephalandra%27Kedagang%27%28139B%29%2F22543;https%3A%2F%2Ftropica.com%2Fimagegen.ashx%3Fwidth%3D200%26image%3D%2FPlants%2F139B%2F2.JPG%26crop%3Dresize%26class%3Dproduct;Rhizomatous;Asia;lento;10;20;poca;poca;/Graphics/Web/icon_difficulty_Easy.png;Easy.png
46;Bucephalandra pygmaea 'Bukit Kelam';https%3A%2F%2Ftropica.com%2F%2Fen%2Fplants%2Fplantdetails%2FBucephalandrapygmaea%27BukitKelam%27%28139TC%29%2F28393;https%3A%2F%2Ftropica.com%2Fimagegen.ashx%3Fwidth%3D200%26image%3D%2FPlants%2F139%20TC%2F2.JPG%26crop%3Dresize%26class%3Dproduct;Rhizomatous;Asia;lento;5;10;poca;poca;/Graphics/Web/icon_difficulty_Easy.png;Easy.png
47;Bucephalandra pygmaea 'Bukit Kelam';https%3A%2F%2Ftropica.com%2F%2Fen%2Fplants%2Fplantdetails%2FBucephalandrapygmaea%27BukitKelam%27%28139%29%2F18757;https%3A%2F%2Ftropica.com%2Fimagegen.ashx%3Fwidth%3D200%26image%3D%2FPlants%2F139%2F2.png%26crop%3Dresize%26class%3Dproduct;Rhizomatous;Asia;lento;5;10;poca;poca;/Graphics/Web/icon_difficulty_Easy.png;Easy.png
48;Bucephalandra pygmaea 'Wavy Green';https%3A%2F%2Ftropica.com%2F%2Fen%2Fplants%2Fplantdetails%2FBucephalandrapygmaea%27WavyGreen%27%28139YLS%29%2F18758;https%3A%2F%2Ftropica.com%2Fimagegen.ashx%3Fwidth%3D200%26image%3D%2FPlants%2F139%20YLS%2F2.JPG%26crop%3Dresize%26class%3Dproduct;Rhizomatous;Asia;lento;5;10;poca;poca;/Graphics/Web/icon_difficulty_Easy.png;Easy.png
49;Bucephalandra sp. 'Needle Leaf';https%3A%2F%2Ftropica.com%2F%2Fen%2Fplants%2Fplantdetails%2FBucephalandrasp.%27NeedleLeaf%27%28139CTC%29%2F29517;https%3A%2F%2Ftropica.com%2Fimagegen.ashx%3Fwidth%3D200%26image%3D%2FPlants%2F139C%20TC%2F2.JPG%26crop%3Dresize%26class%3Dproduct;Rhizomatous;Asia;lento;3;5;poca;poca;/Graphics/Web/icon_difficulty_Medium.png;Medium.png
50;Bucephalandra sp. 'Red';https%3A%2F%2Ftropica.com%2F%2Fen%2Fplants%2Fplantdetails%2FBucephalandrasp.%27Red%27%28139A%29%2F19682;https%3A%2F%2Ftropica.com%2Fimagegen.ashx%3Fwidth%3D200%26image%3D%2FPlants%2F139A%2F2.png%26crop%3Dresize%26class%3Dproduct;Rhizomatous;Asia;lento;5;10;poca;poca;/Graphics/Web/icon_difficulty_Easy.png;Easy.png
51;Cabomba aquatica;https%3A%2F%2Ftropica.com%2F%2Fen%2Fplants%2Fplantdetails%2FCabombaaquatica%28015BDT%29%2F4431;https%3A%2F%2Ftropica.com%2Fimagegen.ashx%3Fwidth%3D200%26image%3D%2FPlants%2F015%20BDT%2F2.png%26crop%3Dresize%26class%3Dproduct;Stem;South America;veloce;20;30;media;poca;/Graphics/Web/icon_difficulty_Easy.png;Easy.png
52;Cardamine lyrata;https%3A%2F%2Ftropica.com%2F%2Fen%2Fplants%2Fplantdetails%2FCardaminelyrata%28024%29%2F4441;https%3A%2F%2Ftropica.com%2Fimagegen.ashx%3Fwidth%3D200%26image%3D%2FPlants%2F024%2F2.png%26crop%3Dresize%26class%3Dproduct;Stem;Asia;veloce;20;30;poca;media;/Graphics/Web/icon_difficulty_Easy.png;Easy.png
53;Ceratophyllum demersum;https%3A%2F%2Ftropica.com%2F%2Fen%2Fplants%2Fplantdetails%2FCeratophyllumdemersum%28021APOR%29%2F4434;https%3A%2F%2Ftropica.com%2Fimagegen.ashx%3Fwidth%3D200%26image%3D%2FPlants%2F021A%20POR%2F2.png%26crop%3Dresize%26class%3Dproduct;Stem;Cosmopolitan;veloce;5;30;poca;poca;/Graphics/Web/icon_difficulty_Easy.png;Easy.png
54;Ceratopteris thalictroides;https%3A%2F%2Ftropica.com%2F%2Fen%2Fplants%2Fplantdetails%2FCeratopteristhalictroides%28005A%29%2F4405;https%3A%2F%2Ftropica.com%2Fimagegen.ashx%3Fwidth%3D200%26image%3D%2FPlants%2F005A%2F2.png%26crop%3Dresize%26class%3Dproduct;Rosulate;Asia;veloce;15;30;media;poca;/Graphics/Web/icon_difficulty_Medium.png;Medium.png
55;Crinum calamistratum;https%3A%2F%2Ftropica.com%2F%2Fen%2Fplants%2Fplantdetails%2FCrinumcalamistratum%28094A%29%2F4541;https%3A%2F%2Ftropica.com%2Fimagegen.ashx%3Fwidth%3D200%26image%3D%2FPlants%2F094A%2F2.png%26crop%3Dresize%26class%3Dproduct;Bulb/onion;Africa;lento;20;30;poca;poca;/Graphics/Web/icon_difficulty_Easy.png;Easy.png
56;Crinum thaianum;https%3A%2F%2Ftropica.com%2F%2Fen%2Fplants%2Fplantdetails%2FCrinumthaianum%28093%29%2F4537;https%3A%2F%2Ftropica.com%2Fimagegen.ashx%3Fwidth%3D200%26image%3D%2FPlants%2F093%2F2.JPG%26crop%3Dresize%26class%3Dproduct;Bulb/onion;Asia;medio;20;30;poca;poca;/Graphics/Web/icon_difficulty_Easy.png;Easy.png
57;Cryptocoryne albida 'Brown';https%3A%2F%2Ftropica.com%2F%2Fen%2Fplants%2Fplantdetails%2FCryptocorynealbida%27Brown%27%28126B%29%2F18194;https%3A%2F%2Ftropica.com%2Fimagegen.ashx%3Fwidth%3D200%26image%3D%2FPlants%2F126B%2F2.png%26crop%3Dresize%26class%3Dproduct;Rosulate;Asia;lento;5;15;poca;poca;/Graphics/Web/icon_difficulty_Easy.png;Easy.png
58;Cryptocoryne beckettii 'Petchii';https%3A%2F%2Ftropica.com%2F%2Fen%2Fplants%2Fplantdetails%2FCryptocorynebeckettii%27Petchii%27%28108APCS%29%2F18807;https%3A%2F%2Ftropica.com%2Fimagegen.ashx%3Fwidth%3D200%26image%3D%2FPlants%2F108A%20PCS%2F2.png%26crop%3Dresize%26class%3Dproduct;Rosulate;Asia;medio;10;15;poca;poca;/Graphics/Web/icon_difficulty_Easy.png;Easy.png
59;Cryptocoryne beckettii 'Petchii';https%3A%2F%2Ftropica.com%2F%2Fen%2Fplants%2Fplantdetails%2FCryptocorynebeckettii%27Petchii%27%28108AYLS%29%2F4561;https%3A%2F%2Ftropica.com%2Fimagegen.ashx%3Fwidth%3D200%26image%3D%2FPlants%2F108A%20YLS%2F2.png%26crop%3Dresize%26class%3Dproduct;Rosulate;Asia;medio;10;15;poca;poca;/Graphics/Web/icon_difficulty_Easy.png;Easy.png
60;Cryptocoryne beckettii 'Petchii';https%3A%2F%2Ftropica.com%2F%2Fen%2Fplants%2Fplantdetails%2FCryptocorynebeckettii%27Petchii%27%28108A%29%2F4560;https%3A%2F%2Ftropica.com%2Fimagegen.ashx%3Fwidth%3D200%26image%3D%2FPlants%2F108A%2F2.png%26crop%3Dresize%26class%3Dproduct;Rosulate;Asia;medio;10;15;poca;poca;/Graphics/Web/icon_difficulty_Easy.png;Easy.png
61;Cryptocoryne crispatula;https%3A%2F%2Ftropica.com%2F%2Fen%2Fplants%2Fplantdetails%2FCryptocorynecrispatula%28125TC%29%2F18756;https%3A%2F%2Ftropica.com%2Fimagegen.ashx%3Fwidth%3D200%26image%3D%2FPlants%2F125%20TC%2F2.png%26crop%3Dresize%26class%3Dproduct;Rosulate;Asia;medio;20;30;poca;poca;/Graphics/Web/icon_difficulty_Easy.png;Easy.png
62;Cryptocoryne crispatula;https%3A%2F%2Ftropica.com%2F%2Fen%2Fplants%2Fplantdetails%2FCryptocorynecrispatula%28125%29%2F4567;https%3A%2F%2Ftropica.com%2Fimagegen.ashx%3Fwidth%3D200%26image%3D%2FPlants%2F125%2F2.png%26crop%3Dresize%26class%3Dproduct;Rosulate;Asia;medio;20;30;poca;poca;/Graphics/Web/icon_difficulty_Easy.png;Easy.png
63;Cryptocoryne nurii;https%3A%2F%2Ftropica.com%2F%2Fen%2Fplants%2Fplantdetails%2FCryptocorynenurii%28126TC%29%2F29518;https%3A%2F%2Ftropica.com%2Fimagegen.ashx%3Fwidth%3D200%26image%3D%2FPlants%2F126%20TC%2F2.JPG%26crop%3Dresize%26class%3Dproduct;Rosulate;Asia;medio;10;20;poca;poca;/Graphics/Web/icon_difficulty_Easy.png;Easy.png
64;Cryptocoryne parva;https%3A%2F%2Ftropica.com%2F%2Fen%2Fplants%2Fplantdetails%2FCryptocoryneparva%28106TC%29%2F18755;https%3A%2F%2Ftropica.com%2Fimagegen.ashx%3Fwidth%3D200%26image%3D%2FPlants%2F106%20TC%2F2.JPG%26crop%3Dresize%26class%3Dproduct;Rosulate;Asia;lento;5;10;media;poca;/Graphics/Web/icon_difficulty_Medium.png;Medium.png
65;Cryptocoryne parva;https%3A%2F%2Ftropica.com%2F%2Fen%2Fplants%2Fplantdetails%2FCryptocoryneparva%28106%29%2F4558;https%3A%2F%2Ftropica.com%2Fimagegen.ashx%3Fwidth%3D200%26image%3D%2FPlants%2F106%2F2.png%26crop%3Dresize%26class%3Dproduct;Rosulate;Asia;lento;5;10;media;poca;/Graphics/Web/icon_difficulty_Medium.png;Medium.png
66;Cryptocoryne undulata 'Broad Leaf';https%3A%2F%2Ftropica.com%2F%2Fen%2Fplants%2Fplantdetails%2FCryptocoryneundulata%27BroadLeaf%27%28110A%29%2F4566;https%3A%2F%2Ftropica.com%2Fimagegen.ashx%3Fwidth%3D200%26image%3D%2FPlants%2F110A%2F2.png%26crop%3Dresize%26class%3Dproduct;Rosulate;Asia;medio;15;30;poca;poca;/Graphics/Web/icon_difficulty_Easy.png;Easy.png
67;Cryptocoryne undulata 'Broad Leaf';https%3A%2F%2Ftropica.com%2F%2Fen%2Fplants%2Fplantdetails%2FCryptocoryneundulata%27BroadLeaf%27%28110BTC%29%2F19225;https%3A%2F%2Ftropica.com%2Fimagegen.ashx%3Fwidth%3D200%26image%3D%2FPlants%2F110B%20TC%2F2.JPG%26crop%3Dresize%26class%3Dproduct;Rosulate;Asia;medio;15;30;poca;poca;/Graphics/Web/icon_difficulty_Easy.png;Easy.png
68;Cryptocoryne usteriana;https%3A%2F%2Ftropica.com%2F%2Fen%2Fplants%2Fplantdetails%2FCryptocoryneusteriana%28120%29%2F18405;https%3A%2F%2Ftropica.com%2Fimagegen.ashx%3Fwidth%3D200%26image%3D%2FPlants%2F120%2F2.png%26crop%3Dresize%26class%3Dproduct;Rosulate;Asia;lento;20;30;poca;poca;/Graphics/Web/icon_difficulty_Easy.png;Easy.png
69;Cryptocoryne wendtii 'Green';https%3A%2F%2Ftropica.com%2F%2Fen%2Fplants%2Fplantdetails%2FCryptocorynewendtii%27Green%27%28109TC%29%2F19226;https%3A%2F%2Ftropica.com%2Fimagegen.ashx%3Fwidth%3D200%26image%3D%2FPlants%2F109%20TC%2F2.png%26crop%3Dresize%26class%3Dproduct;Rosulate;Asia;medio;10;30;poca;poca;/Graphics/Web/icon_difficulty_Easy.png;Easy.png
70;Cryptocoryne wendtii 'Green';https%3A%2F%2Ftropica.com%2F%2Fen%2Fplants%2Fplantdetails%2FCryptocorynewendtii%27Green%27%28109%29%2F4562;https%3A%2F%2Ftropica.com%2Fimagegen.ashx%3Fwidth%3D200%26image%3D%2FPlants%2F109%2F2.png%26crop%3Dresize%26class%3Dproduct;Rosulate;Asia;medio;10;30;poca;poca;/Graphics/Web/icon_difficulty_Easy.png;Easy.png
71;Cryptocoryne wendtii 'Mi Oya';https%3A%2F%2Ftropica.com%2F%2Fen%2Fplants%2Fplantdetails%2FCryptocorynewendtii%27MiOya%27%28109DTC%29%2F19540;https%3A%2F%2Ftropica.com%2Fimagegen.ashx%3Fwidth%3D200%26image%3D%2FPlants%2F109D%20TC%2F2.JPG%26crop%3Dresize%26class%3Dproduct;Rosulate;Asia;lento;20;30;poca;poca;/Graphics/Web/icon_difficulty_Easy.png;Easy.png
72;Cryptocoryne wendtii 'Tropica';https%3A%2F%2Ftropica.com%2F%2Fen%2Fplants%2Fplantdetails%2FCryptocorynewendtii%27Tropica%27%28109EXL%29%2F4565;https%3A%2F%2Ftropica.com%2Fimagegen.ashx%3Fwidth%3D200%26image%3D%2FPlants%2F109E%20XL%2F2.png%26crop%3Dresize%26class%3Dproduct;Rosulate;Asia;medio;10;20;poca;poca;/Graphics/Web/icon_difficulty_Easy.png;Easy.png
73;Cryptocoryne wendtii 'Tropica';https%3A%2F%2Ftropica.com%2F%2Fen%2Fplants%2Fplantdetails%2FCryptocorynewendtii%27Tropica%27%28109E%29%2F4564;https%3A%2F%2Ftropica.com%2Fimagegen.ashx%3Fwidth%3D200%26image%3D%2FPlants%2F109E%2F2.png%26crop%3Dresize%26class%3Dproduct;Rosulate;Asia;medio;10;20;poca;poca;/Graphics/Web/icon_difficulty_Easy.png;Easy.png
74;Cryptocoryne x willisii;https%3A%2F%2Ftropica.com%2F%2Fen%2Fplants%2Fplantdetails%2FCryptocorynexwillisii%28107PCS%29%2F19618;https%3A%2F%2Ftropica.com%2Fimagegen.ashx%3Fwidth%3D200%26image%3D%2FPlants%2F107%20PCS%2F2.png%26crop%3Dresize%26class%3Dproduct;Rosulate;Asia;lento;10;20;poca;poca;/Graphics/Web/icon_difficulty_Easy.png;Easy.png
75;Cryptocoryne x willisii;https%3A%2F%2Ftropica.com%2F%2Fen%2Fplants%2Fplantdetails%2FCryptocorynexwillisii%28107%29%2F4559;https%3A%2F%2Ftropica.com%2Fimagegen.ashx%3Fwidth%3D200%26image%3D%2FPlants%2F107%2F2.png%26crop%3Dresize%26class%3Dproduct;Rosulate;Asia;lento;10;20;poca;poca;/Graphics/Web/icon_difficulty_Easy.png;Easy.png
76;Cyperus helferi;https%3A%2F%2Ftropica.com%2F%2Fen%2Fplants%2Fplantdetails%2FCyperushelferi%28133A%29%2F4574;https%3A%2F%2Ftropica.com%2Fimagegen.ashx%3Fwidth%3D200%26image%3D%2FPlants%2F133A%2F2.png%26crop%3Dresize%26class%3Dproduct;Rosulate;Asia;lento;20;30;media;media;/Graphics/Web/icon_difficulty_Medium.png;Medium.png
77;Echinodorus 'Aquartica';https%3A%2F%2Ftropica.com%2F%2Fen%2Fplants%2Fplantdetails%2FEchinodorus%27Aquartica%27%28074F%29%2F4526;https%3A%2F%2Ftropica.com%2Fimagegen.ashx%3Fwidth%3D200%26image%3D%2FPlants%2F074F%2F2.png%26crop%3Dresize%26class%3Dproduct;Rosulate;Cultivar;medio;10;20;media;poca;/Graphics/Web/icon_difficulty_Medium.png;Medium.png
78;Echinodorus cordifolius 'Fluitans';https%3A%2F%2Ftropica.com%2F%2Fen%2Fplants%2Fplantdetails%2FEchinodoruscordifolius%27Fluitans%27%28073D%29%2F4519;https%3A%2F%2Ftropica.com%2Fimagegen.ashx%3Fwidth%3D200%26image%3D%2FPlants%2F073D%2F2.png%26crop%3Dresize%26class%3Dproduct;Rosulate;North America;medio;20;30;poca;poca;/Graphics/Web/icon_difficulty_Easy.png;Easy.png
79;Echinodorus grisebachii 'Bleherae';https%3A%2F%2Ftropica.com%2F%2Fen%2Fplants%2Fplantdetails%2FEchinodorusgrisebachii%27Bleherae%27%28071BDT%29%2F4513;https%3A%2F%2Ftropica.com%2Fimagegen.ashx%3Fwidth%3D200%26image%3D%2FPlants%2F071%20BDT%2F2.png%26crop%3Dresize%26class%3Dproduct;Rosulate;South America;veloce;20;30;poca;poca;/Graphics/Web/icon_difficulty_Easy.png;Easy.png
80;Echinodorus grisebachii 'Bleherae';https%3A%2F%2Ftropica.com%2F%2Fen%2Fplants%2Fplantdetails%2FEchinodorusgrisebachii%27Bleherae%27%28071XL%29%2F21211;https%3A%2F%2Ftropica.com%2Fimagegen.ashx%3Fwidth%3D200%26image%3D%2FPlants%2F071%20XL%2F2.JPG%26crop%3Dresize%26class%3Dproduct;Rosulate;South America;veloce;20;30;poca;poca;/Graphics/Web/icon_difficulty_Easy.png;Easy.png
81;Echinodorus grisebachii 'Bleherae';https%3A%2F%2Ftropica.com%2F%2Fen%2Fplants%2Fplantdetails%2FEchinodorusgrisebachii%27Bleherae%27%28071%29%2F4512;https%3A%2F%2Ftropica.com%2Fimagegen.ashx%3Fwidth%3D200%26image%3D%2FPlants%2F071%2F2.png%26crop%3Dresize%26class%3Dproduct;Rosulate;South America;veloce;20;30;poca;poca;/Graphics/Web/icon_difficulty_Easy.png;Easy.png
82;Echinodorus 'Ozelot';https%3A%2F%2Ftropica.com%2F%2Fen%2Fplants%2Fplantdetails%2FEchinodorus%27Ozelot%27%28073FXL%29%2F4521;https%3A%2F%2Ftropica.com%2Fimagegen.ashx%3Fwidth%3D200%26image%3D%2FPlants%2F073F%20XL%2F2.JPG%26crop%3Dresize%26class%3Dproduct;Rosulate;Cultivar;medio;20;30;poca;poca;/Graphics/Web/icon_difficulty_Easy.png;Easy.png
83;Echinodorus 'Ozelot';https%3A%2F%2Ftropica.com%2F%2Fen%2Fplants%2Fplantdetails%2FEchinodorus%27Ozelot%27%28073F%29%2F4520;https%3A%2F%2Ftropica.com%2Fimagegen.ashx%3Fwidth%3D200%26image%3D%2FPlants%2F073F%2F2.png%26crop%3Dresize%26class%3Dproduct;Rosulate;Cultivar;medio;20;30;poca;poca;/Graphics/Web/icon_difficulty_Easy.png;Easy.png
84;Echinodorus 'Ozelot Green';https%3A%2F%2Ftropica.com%2F%2Fen%2Fplants%2Fplantdetails%2FEchinodorus%27OzelotGreen%27%28073G%29%2F4522;https%3A%2F%2Ftropica.com%2Fimagegen.ashx%3Fwidth%3D200%26image%3D%2FPlants%2F073G%2F2.png%26crop%3Dresize%26class%3Dproduct;Rosulate;Cultivar;medio;20;30;poca;poca;/Graphics/Web/icon_difficulty_Easy.png;Easy.png
85;Echinodorus palifolius;https%3A%2F%2Ftropica.com%2F%2Fen%2Fplants%2Fplantdetails%2FEchinodoruspalifolius%28076XL%29%2F4528;https%3A%2F%2Ftropica.com%2Fimagegen.ashx%3Fwidth%3D200%26image%3D%2FPlants%2F076%20XL%2F2.JPG%26crop%3Dresize%26class%3Dproduct;Rosulate;South America;medio;20;30;media;poca;/Graphics/Web/icon_difficulty_Medium.png;Medium.png
86;Echinodorus palifolius;https%3A%2F%2Ftropica.com%2F%2Fen%2Fplants%2Fplantdetails%2FEchinodoruspalifolius%28076%29%2F4527;https%3A%2F%2Ftropica.com%2Fimagegen.ashx%3Fwidth%3D200%26image%3D%2FPlants%2F076%2F2.png%26crop%3Dresize%26class%3Dproduct;Rosulate;South America;medio;20;30;media;poca;/Graphics/Web/icon_difficulty_Medium.png;Medium.png
87;Echinodorus 'Red Diamond';https%3A%2F%2Ftropica.com%2F%2Fen%2Fplants%2Fplantdetails%2FEchinodorus%27RedDiamond%27%28074D%29%2F4525;https%3A%2F%2Ftropica.com%2Fimagegen.ashx%3Fwidth%3D200%26image%3D%2FPlants%2F074D%2F2.png%26crop%3Dresize%26class%3Dproduct;Rosulate;Cultivar;medio;15;20;media;media;/Graphics/Web/icon_difficulty_Medium.png;Medium.png
88;Echinodorus 'Reni';https%3A%2F%2Ftropica.com%2F%2Fen%2Fplants%2Fplantdetails%2FEchinodorus%27Reni%27%28072DPCS%29%2F18818;https%3A%2F%2Ftropica.com%2Fimagegen.ashx%3Fwidth%3D200%26image%3D%2FPlants%2F072D%20PCS%2F2.png%26crop%3Dresize%26class%3Dproduct;Rosulate;Cultivar;medio;15;30;poca;poca;/Graphics/Web/icon_difficulty_Easy.png;Easy.png
89;Echinodorus 'Reni';https%3A%2F%2Ftropica.com%2F%2Fen%2Fplants%2Fplantdetails%2FEchinodorus%27Reni%27%28072DTC%29%2F18754;https%3A%2F%2Ftropica.com%2Fimagegen.ashx%3Fwidth%3D200%26image%3D%2FPlants%2F072D%20TC%2F2.JPG%26crop%3Dresize%26class%3Dproduct;Rosulate;Cultivar;medio;15;30;poca;poca;/Graphics/Web/icon_difficulty_Easy.png;Easy.png
90;Echinodorus 'Reni';https%3A%2F%2Ftropica.com%2F%2Fen%2Fplants%2Fplantdetails%2FEchinodorus%27Reni%27%28072D%29%2F4518;https%3A%2F%2Ftropica.com%2Fimagegen.ashx%3Fwidth%3D200%26image%3D%2FPlants%2F072D%2F2.png%26crop%3Dresize%26class%3Dproduct;Rosulate;Cultivar;medio;15;30;poca;poca;/Graphics/Web/icon_difficulty_Easy.png;Easy.png
91;Echinodorus 'Ros ';https%3A%2F%2Ftropica.com%2F%2Fen%2Fplants%2Fplantdetails%2FEchinodorus%27Ros%C3%A9%27%28072BXL%29%2F4517;https%3A%2F%2Ftropica.com%2Fimagegen.ashx%3Fwidth%3D200%26image%3D%2FPlants%2F072B%20XL%2F2.png%26crop%3Dresize%26class%3Dproduct;Rosulate;Cultivar;medio;20;30;poca;poca;/Graphics/Web/icon_difficulty_Easy.png;Easy.png
92;Echinodorus 'Ros ';https%3A%2F%2Ftropica.com%2F%2Fen%2Fplants%2Fplantdetails%2FEchinodorus%27Ros%C3%A9%27%28072B%29%2F4516;https%3A%2F%2Ftropica.com%2Fimagegen.ashx%3Fwidth%3D200%26image%3D%2FPlants%2F072B%2F2.png%26crop%3Dresize%26class%3Dproduct;Rosulate;Cultivar;medio;20;30;poca;poca;/Graphics/Web/icon_difficulty_Easy.png;Easy.png
93;Echinodorus x barthii;https%3A%2F%2Ftropica.com%2F%2Fen%2Fplants%2Fplantdetails%2FEchinodorusxbarthii%28072AXL%29%2F4515;https%3A%2F%2Ftropica.com%2Fimagegen.ashx%3Fwidth%3D200%26image%3D%2FPlants%2F072A%20XL%2F2.png%26crop%3Dresize%26class%3Dproduct;Rosulate;Cultivar;medio;20;30;poca;poca;/Graphics/Web/icon_difficulty_Easy.png;Easy.png
94;Echinodorus x barthii;https%3A%2F%2Ftropica.com%2F%2Fen%2Fplants%2Fplantdetails%2FEchinodorusxbarthii%28072A%29%2F4514;https%3A%2F%2Ftropica.com%2Fimagegen.ashx%3Fwidth%3D200%26image%3D%2FPlants%2F072A%2F2.png%26crop%3Dresize%26class%3Dproduct;Rosulate;Cultivar;medio;20;30;poca;poca;/Graphics/Web/icon_difficulty_Easy.png;Easy.png
95;Egeria densa;https%3A%2F%2Ftropica.com%2F%2Fen%2Fplants%2Fplantdetails%2FEgeriadensa%28058BDT%29%2F4506;https%3A%2F%2Ftropica.com%2Fimagegen.ashx%3Fwidth%3D200%26image%3D%2FPlants%2F058%20BDT%2F2.png%26crop%3Dresize%26class%3Dproduct;Stem;Cosmopolitan;veloce;20;30;poca;poca;/Graphics/Web/icon_difficulty_Easy.png;Easy.png
96;Elatine hydropiper;https%3A%2F%2Ftropica.com%2F%2Fen%2Fplants%2Fplantdetails%2FElatinehydropiper%28141TC%29%2F18759;https%3A%2F%2Ftropica.com%2Fimagegen.ashx%3Fwidth%3D200%26image%3D%2FPlants%2F141%20TC%2F2.png%26crop%3Dresize%26class%3Dproduct;Carpeting;Europe/Asia;medio;3;5;tanta;tanta;/Graphics/Web/icon_difficulty_Advanced.png;Advanced.png
97;Eleocharis acicularis;https%3A%2F%2Ftropica.com%2F%2Fen%2Fplants%2Fplantdetails%2FEleocharisacicularis%28133TC%29%2F28401;https%3A%2F%2Ftropica.com%2Fimagegen.ashx%3Fwidth%3D200%26image%3D%2FPlants%2F133%20TC%2F2.png%26crop%3Dresize%26class%3Dproduct;Stolon;Cosmopolitan;medio;10;15;poca;poca;/Graphics/Web/icon_difficulty_Easy.png;Easy.png
98;Eleocharis montevidensis;https%3A%2F%2Ftropica.com%2F%2Fen%2Fplants%2Fplantdetails%2FEleocharismontevidensis%28132D%29%2F4573;https%3A%2F%2Ftropica.com%2Fimagegen.ashx%3Fwidth%3D200%26image%3D%2FPlants%2F132D%2F2.png%26crop%3Dresize%26class%3Dproduct;Stolon;North America;medio;20;30;poca;poca;/Graphics/Web/icon_difficulty_Easy.png;Easy.png
99;Eleocharis parvula;https%3A%2F%2Ftropica.com%2F%2Fen%2Fplants%2Fplantdetails%2FEleocharisparvula%28132C%29%2F4572;https%3A%2F%2Ftropica.com%2Fimagegen.ashx%3Fwidth%3D200%26image%3D%2FPlants%2F132C%2F2.png%26crop%3Dresize%26class%3Dproduct;Carpeting;Cosmopolitan;veloce;3;10;poca;poca;/Graphics/Web/icon_difficulty_Easy.png;Easy.png
100;Eleocharis pusilla 'Mini';https%3A%2F%2Ftropica.com%2F%2Fen%2Fplants%2Fplantdetails%2FEleocharispusilla%27Mini%27%28132BTC%29%2F4571;https%3A%2F%2Ftropica.com%2Fimagegen.ashx%3Fwidth%3D200%26image%3D%2FPlants%2F132B%20TC%2F2.JPG%26crop%3Dresize%26class%3Dproduct;Carpeting;Cultivar;lento;3;5;media;media;/Graphics/Web/icon_difficulty_Medium.png;Medium.png
101;Eriocaulon cinereum;https%3A%2F%2Ftropica.com%2F%2Fen%2Fplants%2Fplantdetails%2FEriocauloncinereum%28091TC%29%2F19547;https%3A%2F%2Ftropica.com%2Fimagegen.ashx%3Fwidth%3D200%26image%3D%2FPlants%2F091%20TC%2F2.png%26crop%3Dresize%26class%3Dproduct;Rosulate;Cosmopolitan;lento;3;10;tanta;tanta;/Graphics/Web/icon_difficulty_Advanced.png;Advanced.png
102;Fissidens fontanus;https%3A%2F%2Ftropica.com%2F%2Fen%2Fplants%2Fplantdetails%2FFissidensfontanus%28002F%29%2F4390;https%3A%2F%2Ftropica.com%2Fimagegen.ashx%3Fwidth%3D200%26image%3D%2FPlants%2F002F%2F2.png%26crop%3Dresize%26class%3Dproduct;Moss;;lento;3;5;media;media;/Graphics/Web/icon_difficulty_Advanced.png;Advanced.png
103;Glossostigma elatinoides;https%3A%2F%2Ftropica.com%2F%2Fen%2Fplants%2Fplantdetails%2FGlossostigmaelatinoides%28045ATC%29%2F4470;https%3A%2F%2Ftropica.com%2Fimagegen.ashx%3Fwidth%3D200%26image%3D%2FPlants%2F045A%20TC%2F2.png%26crop%3Dresize%26class%3Dproduct;Carpeting;Australia;veloce;3;5;tanta;tanta;/Graphics/Web/icon_difficulty_Advanced.png;Advanced.png
104;Gratiola viscidula;https%3A%2F%2Ftropica.com%2F%2Fen%2Fplants%2Fplantdetails%2FGratiolaviscidula%28042TC%29%2F18390;https%3A%2F%2Ftropica.com%2Fimagegen.ashx%3Fwidth%3D200%26image%3D%2FPlants%2F042%20TC%2F2.JPG%26crop%3Dresize%26class%3Dproduct;Stem;North America;lento;3;10;media;media;/Graphics/Web/icon_difficulty_Medium.png;Medium.png
105;Helanthium bolivianum 'Quadricostatus';https%3A%2F%2Ftropica.com%2F%2Fen%2Fplants%2Fplantdetails%2FHelanthiumbolivianum%27Quadricostatus%27%28068TC%29%2F18896;https%3A%2F%2Ftropica.com%2Fimagegen.ashx%3Fwidth%3D200%26image%3D%2FPlants%2F068%20TC%2F2.png%26crop%3Dresize%26class%3Dproduct;Rosulate;South America;veloce;10;15;poca;poca;/Graphics/Web/icon_difficulty_Easy.png;Easy.png
106;Helanthium bolivianum 'Quadricostatus';https%3A%2F%2Ftropica.com%2F%2Fen%2Fplants%2Fplantdetails%2FHelanthiumbolivianum%27Quadricostatus%27%28068%29%2F4511;https%3A%2F%2Ftropica.com%2Fimagegen.ashx%3Fwidth%3D200%26image%3D%2FPlants%2F068%2F2.png%26crop%3Dresize%26class%3Dproduct;Rosulate;South America;veloce;10;15;poca;poca;/Graphics/Web/icon_difficulty_Easy.png;Easy.png
107;Helanthium tenellum 'Green';https%3A%2F%2Ftropica.com%2F%2Fen%2Fplants%2Fplantdetails%2FHelanthiumtenellum%27Green%27%28067ATC%29%2F4757;https%3A%2F%2Ftropica.com%2Fimagegen.ashx%3Fwidth%3D200%26image%3D%2FPlants%2F067A%20TC%2F2.png%26crop%3Dresize%26class%3Dproduct;Carpeting;Cultivar;lento;5;15;poca;poca;/Graphics/Web/icon_difficulty_Easy.png;Easy.png
108;Hemianthus micranthemoides;https%3A%2F%2Ftropica.com%2F%2Fen%2Fplants%2Fplantdetails%2FHemianthusmicranthemoides%28048ATC%29%2F22879;https%3A%2F%2Ftropica.com%2Fimagegen.ashx%3Fwidth%3D200%26image%3D%2FPlants%2F048A%20TC%2F2.JPG%26crop%3Dresize%26class%3Dproduct;Carpeting;North America;medio;5;15;media;media;/Graphics/Web/icon_difficulty_Advanced.png;Advanced.png
109;Heteranthera zosterifolia;https%3A%2F%2Ftropica.com%2F%2Fen%2Fplants%2Fplantdetails%2FHeterantherazosterifolia%28096TC%29%2F4544;https%3A%2F%2Ftropica.com%2Fimagegen.ashx%3Fwidth%3D200%26image%3D%2FPlants%2F096%20TC%2F2.JPG%26crop%3Dresize%26class%3Dproduct;Stem;South America;veloce;20;30;poca;media;/Graphics/Web/icon_difficulty_Easy.png;Easy.png
110;Hottonia palustris;https%3A%2F%2Ftropica.com%2F%2Fen%2Fplants%2Fplantdetails%2FHottoniapalustris%28027TC%29%2F28508;https%3A%2F%2Ftropica.com%2Fimagegen.ashx%3Fwidth%3D200%26image%3D%2FPlants%2F027%20TC%2F2.JPG%26crop%3Dresize%26class%3Dproduct;Stem;Europe/Asia;medio;10;20;poca;poca;/Graphics/Web/icon_difficulty_Easy.png;Easy.png
111;Hottonia palustris;https%3A%2F%2Ftropica.com%2F%2Fen%2Fplants%2Fplantdetails%2FHottoniapalustris%28027%29%2F4443;https%3A%2F%2Ftropica.com%2Fimagegen.ashx%3Fwidth%3D200%26image%3D%2FPlants%2F027%2F2.png%26crop%3Dresize%26class%3Dproduct;Stem;Europe/Asia;medio;10;20;poca;poca;/Graphics/Web/icon_difficulty_Easy.png;Easy.png
112;Hydrocotyle tripartita;https%3A%2F%2Ftropica.com%2F%2Fen%2Fplants%2Fplantdetails%2FHydrocotyletripartita%28039BTC%29%2F18751;https%3A%2F%2Ftropica.com%2Fimagegen.ashx%3Fwidth%3D200%26image%3D%2FPlants%2F039B%20TC%2F2.png%26crop%3Dresize%26class%3Dproduct;Stem;Asia;veloce;5;5;media;poca;/Graphics/Web/icon_difficulty_Medium.png;Medium.png
113;Hydrocotyle tripartita;https%3A%2F%2Ftropica.com%2F%2Fen%2Fplants%2Fplantdetails%2FHydrocotyletripartita%28039B%29%2F4458;https%3A%2F%2Ftropica.com%2Fimagegen.ashx%3Fwidth%3D200%26image%3D%2FPlants%2F039B%2F2.png%26crop%3Dresize%26class%3Dproduct;Stem;Asia;veloce;5;5;media;poca;/Graphics/Web/icon_difficulty_Medium.png;Medium.png
114;Hydrocotyle verticillata;https%3A%2F%2Ftropica.com%2F%2Fen%2Fplants%2Fplantdetails%2FHydrocotyleverticillata%28039%29%2F4457;https%3A%2F%2Ftropica.com%2Fimagegen.ashx%3Fwidth%3D200%26image%3D%2FPlants%2F039%2F2.png%26crop%3Dresize%26class%3Dproduct;Stem;South America;medio;3;10;tanta;media;/Graphics/Web/icon_difficulty_Advanced.png;Advanced.png
115;Hygrophila corymbosa;https%3A%2F%2Ftropica.com%2F%2Fen%2Fplants%2Fplantdetails%2FHygrophilacorymbosa%28053BDT%29%2F4490;https%3A%2F%2Ftropica.com%2Fimagegen.ashx%3Fwidth%3D200%26image%3D%2FPlants%2F053%20BDT%2F2.png%26crop%3Dresize%26class%3Dproduct;Stem;Asia;veloce;20;30;poca;poca;/Graphics/Web/icon_difficulty_Easy.png;Easy.png
116;Hygrophila corymbosa 'Compact';https%3A%2F%2Ftropica.com%2F%2Fen%2Fplants%2Fplantdetails%2FHygrophilacorymbosa%27Compact%27%28052D%29%2F18774;https%3A%2F%2Ftropica.com%2Fimagegen.ashx%3Fwidth%3D200%26image%3D%2FPlants%2F052D%2F2.png%26crop%3Dresize%26class%3Dproduct;Stem;Asia;medio;10;15;poca;poca;/Graphics/Web/icon_difficulty_Easy.png;Easy.png
117;Hygrophila corymbosa 'Siamensis 53B';https%3A%2F%2Ftropica.com%2F%2Fen%2Fplants%2Fplantdetails%2FHygrophilacorymbosa%27Siamensis53B%27%28053BMP%29%2F18813;https%3A%2F%2Ftropica.com%2Fimagegen.ashx%3Fwidth%3D200%26image%3D%2FPlants%2F053B%20MP%2F2.png%26crop%3Dresize%26class%3Dproduct;Stem;Asia;medio;15;30;poca;poca;/Graphics/Web/icon_difficulty_Easy.png;Easy.png
118;Hygrophila corymbosa 'Siamensis 53B';https%3A%2F%2Ftropica.com%2F%2Fen%2Fplants%2Fplantdetails%2FHygrophilacorymbosa%27Siamensis53B%27%28053BPCS%29%2F18803;https%3A%2F%2Ftropica.com%2Fimagegen.ashx%3Fwidth%3D200%26image%3D%2FPlants%2F053B%20PCS%2F2.JPG%26crop%3Dresize%26class%3Dproduct;Stem;Asia;medio;15;30;poca;poca;/Graphics/Web/icon_difficulty_Easy.png;Easy.png
119;Hygrophila corymbosa 'Siamensis 53B';https%3A%2F%2Ftropica.com%2F%2Fen%2Fplants%2Fplantdetails%2FHygrophilacorymbosa%27Siamensis53B%27%28053B%29%2F4493;https%3A%2F%2Ftropica.com%2Fimagegen.ashx%3Fwidth%3D200%26image%3D%2FPlants%2F053B%2F2.png%26crop%3Dresize%26class%3Dproduct;Stem;Asia;medio;15;30;poca;poca;/Graphics/Web/icon_difficulty_Easy.png;Easy.png
120;Hygrophila corymbosa 'Stricta';https%3A%2F%2Ftropica.com%2F%2Fen%2Fplants%2Fplantdetails%2FHygrophilacorymbosa%27Stricta%27%28053AXL%29%2F4492;https%3A%2F%2Ftropica.com%2Fimagegen.ashx%3Fwidth%3D200%26image%3D%2FPlants%2F053A%20XL%2F2.png%26crop%3Dresize%26class%3Dproduct;Stem;Asia;veloce;15;30;poca;poca;/Graphics/Web/icon_difficulty_Easy.png;Easy.png
121;Hygrophila corymbosa 'Stricta';https%3A%2F%2Ftropica.com%2F%2Fen%2Fplants%2Fplantdetails%2FHygrophilacorymbosa%27Stricta%27%28053A%29%2F4491;https%3A%2F%2Ftropica.com%2Fimagegen.ashx%3Fwidth%3D200%26image%3D%2FPlants%2F053A%2F2.png%26crop%3Dresize%26class%3Dproduct;Stem;Asia;veloce;15;30;poca;poca;/Graphics/Web/icon_difficulty_Easy.png;Easy.png
122;Hygrophila costata;https%3A%2F%2Ftropica.com%2F%2Fen%2Fplants%2Fplantdetails%2FHygrophilacostata%28052A%29%2F4489;https%3A%2F%2Ftropica.com%2Fimagegen.ashx%3Fwidth%3D200%26image%3D%2FPlants%2F052A%2F2.png%26crop%3Dresize%26class%3Dproduct;Stem;South America;veloce;20;30;media;poca;/Graphics/Web/icon_difficulty_Medium.png;Medium.png
123;Hygrophila difformis;https%3A%2F%2Ftropica.com%2F%2Fen%2Fplants%2Fplantdetails%2FHygrophiladifformis%28051BDT%29%2F4485;https%3A%2F%2Ftropica.com%2Fimagegen.ashx%3Fwidth%3D200%26image%3D%2FPlants%2F051%20BDT%2F2.png%26crop%3Dresize%26class%3Dproduct;Stem;Asia;veloce;20;30;poca;poca;/Graphics/Web/icon_difficulty_Easy.png;Easy.png
124;Hygrophila lancea 'Araguaia';https%3A%2F%2Ftropica.com%2F%2Fen%2Fplants%2Fplantdetails%2FHygrophilalancea%27Araguaia%27%28051BTC%29%2F4758;https%3A%2F%2Ftropica.com%2Fimagegen.ashx%3Fwidth%3D200%26image%3D%2FPlants%2F051B%20TC%2F2.png%26crop%3Dresize%26class%3Dproduct;Stem;Asia;medio;10;20;media;media;/Graphics/Web/icon_difficulty_Medium.png;Medium.png
125;Hygrophila pinnatifida;https%3A%2F%2Ftropica.com%2F%2Fen%2Fplants%2Fplantdetails%2FHygrophilapinnatifida%28051ATC%29%2F19228;https%3A%2F%2Ftropica.com%2Fimagegen.ashx%3Fwidth%3D200%26image%3D%2FPlants%2F051A%20TC%2F2.png%26crop%3Dresize%26class%3Dproduct;Stem;Asia;medio;15;30;media;media;/Graphics/Web/icon_difficulty_Medium.png;Medium.png
126;Hygrophila pinnatifida;https%3A%2F%2Ftropica.com%2F%2Fen%2Fplants%2Fplantdetails%2FHygrophilapinnatifida%28051A%29%2F4486;https%3A%2F%2Ftropica.com%2Fimagegen.ashx%3Fwidth%3D200%26image%3D%2FPlants%2F051A%2F2.png%26crop%3Dresize%26class%3Dproduct;Stem;Asia;medio;15;30;media;media;/Graphics/Web/icon_difficulty_Medium.png;Medium.png
127;Hygrophila pinnatifida;https%3A%2F%2Ftropica.com%2F%2Fen%2Fplants%2Fplantdetails%2FHygrophilapinnatifida%28509YCS%29%2F28279;https%3A%2F%2Ftropica.com%2Fimagegen.ashx%3Fwidth%3D200%26image%3D%2FPlants%2F509%20YCS%2F2.JPG%26crop%3Dresize%26class%3Dproduct;Stem;Asia;medio;15;30;media;media;/Graphics/Web/icon_difficulty_Medium.png;Medium.png
128;Hygrophila pinnatifida and moss;https%3A%2F%2Ftropica.com%2F%2Fen%2Fplants%2Fplantdetails%2FHygrophilapinnatifidaandmoss%28051AYWS%29%2F4487;https%3A%2F%2Ftropica.com%2Fimagegen.ashx%3Fwidth%3D200%26image%3D%2FPlants%2F051A%20YWS%2F2.png%26crop%3Dresize%26class%3Dproduct;Stem;Asia;medio;15;30;media;media;/Graphics/Web/icon_difficulty_Medium.png;Medium.png
129;Hygrophila polysperma;https%3A%2F%2Ftropica.com%2F%2Fen%2Fplants%2Fplantdetails%2FHygrophilapolysperma%28050%29%2F4483;https%3A%2F%2Ftropica.com%2Fimagegen.ashx%3Fwidth%3D200%26image%3D%2FPlants%2F050%2F2.png%26crop%3Dresize%26class%3Dproduct;Stem;Asia;veloce;20;30;poca;poca;/Graphics/Web/icon_difficulty_Easy.png;Easy.png
130;Hygrophila polysperma 'Rosanervig';https%3A%2F%2Ftropica.com%2F%2Fen%2Fplants%2Fplantdetails%2FHygrophilapolysperma%27Rosanervig%27%28050B%29%2F4484;https%3A%2F%2Ftropica.com%2Fimagegen.ashx%3Fwidth%3D200%26image%3D%2FPlants%2F050B%2F2.png%26crop%3Dresize%26class%3Dproduct;Stem;Cultivar;medio;20;30;poca;media;/Graphics/Web/icon_difficulty_Easy.png;Easy.png
131;Juncus repens;https%3A%2F%2Ftropica.com%2F%2Fen%2Fplants%2Fplantdetails%2FJuncusrepens%20%28133FTC%29%2F28107;https%3A%2F%2Ftropica.com%2Fimagegen.ashx%3Fwidth%3D200%26image%3D%2FPlants%2F133F%20TC%2F2.JPG%26crop%3Dresize%26class%3Dproduct;Stem;North America;medio;10;20;media;media;/Graphics/Web/icon_difficulty_Medium.png;Medium.png
132;Lagenandra meeboldii 'Red';https%3A%2F%2Ftropica.com%2F%2Fen%2Fplants%2Fplantdetails%2FLagenandrameeboldii%27Red%27%28103%29%2F4759;https%3A%2F%2Ftropica.com%2Fimagegen.ashx%3Fwidth%3D200%26image%3D%2FPlants%2F103%2F2.png%26crop%3Dresize%26class%3Dproduct;Rosulate;Asia;lento;10;20;poca;poca;/Graphics/Web/icon_difficulty_Easy.png;Easy.png
133;Leptodictyum riparium;https%3A%2F%2Ftropica.com%2F%2Fen%2Fplants%2Fplantdetails%2FLeptodictyumriparium%28003ETC%29%2F28671;https%3A%2F%2Ftropica.com%2Fimagegen.ashx%3Fwidth%3D200%26image%3D%2FPlants%2F003E%20TC%2F2.JPG%26crop%3Dresize%26class%3Dproduct;Moss;Cosmopolitan;medio;3;10;poca;poca;/Graphics/Web/icon_difficulty_Easy.png;Easy.png
134;Lilaeopsis brasiliensis;https%3A%2F%2Ftropica.com%2F%2Fen%2Fplants%2Fplantdetails%2FLilaeopsisbrasiliensis%28040PCS%29%2F18808;https%3A%2F%2Ftropica.com%2Fimagegen.ashx%3Fwidth%3D200%26image%3D%2FPlants%2F040%20PCS%2F2.png%26crop%3Dresize%26class%3Dproduct;Stolon;South America;lento;3;5;poca;poca;/Graphics/Web/icon_difficulty_Easy.png;Easy.png
135;Lilaeopsis brasiliensis;https%3A%2F%2Ftropica.com%2F%2Fen%2Fplants%2Fplantdetails%2FLilaeopsisbrasiliensis%28040TC%29%2F4460;https%3A%2F%2Ftropica.com%2Fimagegen.ashx%3Fwidth%3D200%26image%3D%2FPlants%2F040%20TC%2F2.png%26crop%3Dresize%26class%3Dproduct;Stolon;South America;lento;3;5;media;media;/Graphics/Web/icon_difficulty_Easy.png;Easy.png
136;Lilaeopsis brasiliensis;https%3A%2F%2Ftropica.com%2F%2Fen%2Fplants%2Fplantdetails%2FLilaeopsisbrasiliensis%28040%29%2F4459;https%3A%2F%2Ftropica.com%2Fimagegen.ashx%3Fwidth%3D200%26image%3D%2FPlants%2F040%2F2.png%26crop%3Dresize%26class%3Dproduct;Stolon;South America;lento;3;5;media;media;/Graphics/Web/icon_difficulty_Easy.png;Easy.png
137;Limnobium laevigatum;https%3A%2F%2Ftropica.com%2F%2Fen%2Fplants%2Fplantdetails%2FLimnobiumlaevigatum%28063TC%29%2F4761;https%3A%2F%2Ftropica.com%2Fimagegen.ashx%3Fwidth%3D200%26image%3D%2FPlants%2F063%20TC%2F2.png%26crop%3Dresize%26class%3Dproduct;Floating plant;South America;medio;3;5;poca;poca;/Graphics/Web/icon_difficulty_Easy.png;Easy.png
138;Limnophila aquatica;https%3A%2F%2Ftropica.com%2F%2Fen%2Fplants%2Fplantdetails%2FLimnophilaaquatica%28046%29%2F4471;https%3A%2F%2Ftropica.com%2Fimagegen.ashx%3Fwidth%3D200%26image%3D%2FPlants%2F046%2F2.png%26crop%3Dresize%26class%3Dproduct;Stem;Asia;veloce;20;30;media;poca;/Graphics/Web/icon_difficulty_Medium.png;Medium.png
139;Limnophila hippuridoides;https%3A%2F%2Ftropica.com%2F%2Fen%2Fplants%2Fplantdetails%2FLimnophilahippuridoides%28047C%29%2F4474;https%3A%2F%2Ftropica.com%2Fimagegen.ashx%3Fwidth%3D200%26image%3D%2FPlants%2F047C%2F2.png%26crop%3Dresize%26class%3Dproduct;Stem;Asia;medio;20;30;media;poca;/Graphics/Web/icon_difficulty_Easy.png;Easy.png
140;Limnophila sessiliflora;https%3A%2F%2Ftropica.com%2F%2Fen%2Fplants%2Fplantdetails%2FLimnophilasessiliflora%28047MP%29%2F18812;https%3A%2F%2Ftropica.com%2Fimagegen.ashx%3Fwidth%3D200%26image%3D%2FPlants%2F047%20MP%2F2.png%26crop%3Dresize%26class%3Dproduct;Stem;Asia;veloce;15;30;poca;poca;/Graphics/Web/icon_difficulty_Easy.png;Easy.png
141;Limnophila sessiliflora;https%3A%2F%2Ftropica.com%2F%2Fen%2Fplants%2Fplantdetails%2FLimnophilasessiliflora%28047PCS%29%2F18801;https%3A%2F%2Ftropica.com%2Fimagegen.ashx%3Fwidth%3D200%26image%3D%2FPlants%2F047%20PCS%2F2.png%26crop%3Dresize%26class%3Dproduct;Stem;Asia;veloce;15;30;poca;poca;/Graphics/Web/icon_difficulty_Easy.png;Easy.png
142;Limnophila sessiliflora;https%3A%2F%2Ftropica.com%2F%2Fen%2Fplants%2Fplantdetails%2FLimnophilasessiliflora%28047%29%2F4472;https%3A%2F%2Ftropica.com%2Fimagegen.ashx%3Fwidth%3D200%26image%3D%2FPlants%2F047%2F2.png%26crop%3Dresize%26class%3Dproduct;Stem;Asia;veloce;15;30;poca;poca;/Graphics/Web/icon_difficulty_Easy.png;Easy.png
143;Lindernia rotundifolia;https%3A%2F%2Ftropica.com%2F%2Fen%2Fplants%2Fplantdetails%2FLinderniarotundifolia%28045%29%2F4468;https%3A%2F%2Ftropica.com%2Fimagegen.ashx%3Fwidth%3D200%26image%3D%2FPlants%2F045%2F2.png%26crop%3Dresize%26class%3Dproduct;Stem;Asia;veloce;15;30;poca;media;/Graphics/Web/icon_difficulty_Easy.png;Easy.png
144;Littorella uniflora;https%3A%2F%2Ftropica.com%2F%2Fen%2Fplants%2Fplantdetails%2FLittorellauniflora%28081TC%29%2F18269;https%3A%2F%2Ftropica.com%2Fimagegen.ashx%3Fwidth%3D200%26image%3D%2FPlants%2F081%20TC%2F2.png%26crop%3Dresize%26class%3Dproduct;Stolon;Cosmopolitan;lento;3;5;poca;poca;/Graphics/Web/icon_difficulty_Easy.png;Easy.png
145;Lobelia cardinalis;https%3A%2F%2Ftropica.com%2F%2Fen%2Fplants%2Fplantdetails%2FLobeliacardinalis%28053CMP%29%2F18840;https%3A%2F%2Ftropica.com%2Fimagegen.ashx%3Fwidth%3D200%26image%3D%2FPlants%2F053C%20MP%2F2.png%26crop%3Dresize%26class%3Dproduct;Stem;North America;medio;20;30;poca;poca;/Graphics/Web/icon_difficulty_Easy.png;Easy.png
146;Lobelia cardinalis;https%3A%2F%2Ftropica.com%2F%2Fen%2Fplants%2Fplantdetails%2FLobeliacardinalis%28053CPCS%29%2F21134;https%3A%2F%2Ftropica.com%2Fimagegen.ashx%3Fwidth%3D200%26image%3D%2FPlants%2F053C%20PCS%2F2.png%26crop%3Dresize%26class%3Dproduct;Stem;North America;medio;20;30;poca;poca;/Graphics/Web/icon_difficulty_Easy.png;Easy.png
147;Lobelia cardinalis;https%3A%2F%2Ftropica.com%2F%2Fen%2Fplants%2Fplantdetails%2FLobeliacardinalis%28053C%29%2F4494;https%3A%2F%2Ftropica.com%2Fimagegen.ashx%3Fwidth%3D200%26image%3D%2FPlants%2F053C%2F2.png%26crop%3Dresize%26class%3Dproduct;Stem;North America;medio;20;30;poca;poca;/Graphics/Web/icon_difficulty_Easy.png;Easy.png
148;Lobelia cardinalis 'Mini';https%3A%2F%2Ftropica.com%2F%2Fen%2Fplants%2Fplantdetails%2FLobeliacardinalis%27Mini%27%28143TC%29%2F28647;https%3A%2F%2Ftropica.com%2Fimagegen.ashx%3Fwidth%3D200%26image%3D%2FPlants%2F143%20TC%2F2.JPG%26crop%3Dresize%26class%3Dproduct;Stem;North America;medio;3;15;poca;poca;/Graphics/Web/icon_difficulty_Easy.png;Easy.png
149;Ludwigia glandulosa;https%3A%2F%2Ftropica.com%2F%2Fen%2Fplants%2Fplantdetails%2FLudwigiaglandulosa%28035A%29%2F4452;https%3A%2F%2Ftropica.com%2Fimagegen.ashx%3Fwidth%3D200%26image%3D%2FPlants%2F035A%2F2.png%26crop%3Dresize%26class%3Dproduct;Stem;North America;medio;15;30;media;media;/Graphics/Web/icon_difficulty_Medium.png;Medium.png
150;Ludwigia palustris 'Super Red';https%3A%2F%2Ftropica.com%2F%2Fen%2Fplants%2Fplantdetails%2FLudwigiapalustris%27SuperRed%27%28035B%29%2F4453;https%3A%2F%2Ftropica.com%2Fimagegen.ashx%3Fwidth%3D200%26image%3D%2FPlants%2F035B%2F2.png%26crop%3Dresize%26class%3Dproduct;Stem;Cosmopolitan;medio;10;30;poca;poca;/Graphics/Web/icon_difficulty_Easy.png;Easy.png
151;Ludwigia repens 'Rubin';https%3A%2F%2Ftropica.com%2F%2Fen%2Fplants%2Fplantdetails%2FLudwigiarepens%27Rubin%27%28033D%29%2F4450;https%3A%2F%2Ftropica.com%2Fimagegen.ashx%3Fwidth%3D200%26image%3D%2FPlants%2F033D%2F2.png%26crop%3Dresize%26class%3Dproduct;Stem;North America;medio;20;30;media;poca;/Graphics/Web/icon_difficulty_Easy.png;Easy.png
152;Marsilea hirsuta;https%3A%2F%2Ftropica.com%2F%2Fen%2Fplants%2Fplantdetails%2FMarsileahirsuta%28010TC%29%2F4428;https%3A%2F%2Ftropica.com%2Fimagegen.ashx%3Fwidth%3D200%26image%3D%2FPlants%2F010%20TC%2F2.png%26crop%3Dresize%26class%3Dproduct;Carpeting;Australia;medio;5;20;poca;poca;/Graphics/Web/icon_difficulty_Easy.png;Easy.png
153;Marsilea minuta;https%3A%2F%2Ftropica.com%2F%2Fen%2Fplants%2Fplantdetails%2FMarsileaminuta%28010BTC%29%2F4762;https%3A%2F%2Ftropica.com%2Fimagegen.ashx%3Fwidth%3D200%26image%3D%2FPlants%2F010B%20TC%2F2.JPG%26crop%3Dresize%26class%3Dproduct;Carpeting;Asia;medio;3;5;media;poca;/Graphics/Web/icon_difficulty_Medium.png;Medium.png
154;Mayaca fluviatilis;https%3A%2F%2Ftropica.com%2F%2Fen%2Fplants%2Fplantdetails%2FMayacafluviatilis%28140BDT%29%2F19792;https%3A%2F%2Ftropica.com%2Fimagegen.ashx%3Fwidth%3D200%26image%3D%2FPlants%2F140%20BDT%2F2.png%26crop%3Dresize%26class%3Dproduct;Stem;North America;veloce;15;30;media;media;/Graphics/Web/icon_difficulty_Medium.png;Medium.png
155;Micranthemum callitrichoides  Cuba ;https%3A%2F%2Ftropica.com%2F%2Fen%2Fplants%2Fplantdetails%2FMicranthemumcallitrichoides%C2%B4Cuba%C2%B4%28048B%29%2F4477;https%3A%2F%2Ftropica.com%2Fimagegen.ashx%3Fwidth%3D200%26image%3D%2FPlants%2F048B%2F2.png%26crop%3Dresize%26class%3Dproduct;Carpeting;North America;medio;3;5;tanta;tanta;/Graphics/Web/icon_difficulty_Advanced.png;Advanced.png
156;Micranthemum callitrichoides 'Cuba';https%3A%2F%2Ftropica.com%2F%2Fen%2Fplants%2Fplantdetails%2FMicranthemumcallitrichoides%27Cuba%27%28048BTC%29%2F4478;https%3A%2F%2Ftropica.com%2Fimagegen.ashx%3Fwidth%3D200%26image%3D%2FPlants%2F048B%20TC%2F2.JPG%26crop%3Dresize%26class%3Dproduct;Carpeting;North America;medio;3;5;tanta;tanta;/Graphics/Web/icon_difficulty_Advanced.png;Advanced.png
157;Micranthemum glomeratum;https%3A%2F%2Ftropica.com%2F%2Fen%2Fplants%2Fplantdetails%2FMicranthemumglomeratum%28048A%29%2F4476;https%3A%2F%2Ftropica.com%2Fimagegen.ashx%3Fwidth%3D200%26image%3D%2FPlants%2F048A%2F2.png%26crop%3Dresize%26class%3Dproduct;Carpeting;North America;medio;5;15;media;media;/Graphics/Web/icon_difficulty_Advanced.png;Advanced.png
158;Micranthemum tweediei 'Monte Carlo';https%3A%2F%2Ftropica.com%2F%2Fen%2Fplants%2Fplantdetails%2FMicranthemumtweediei%27MonteCarlo%27%28025TC%29%2F4442;https%3A%2F%2Ftropica.com%2Fimagegen.ashx%3Fwidth%3D200%26image%3D%2FPlants%2F025%20TC%2F2.png%26crop%3Dresize%26class%3Dproduct;Carpeting;South America;medio;3;5;media;media;/Graphics/Web/icon_difficulty_Medium.png;Medium.png
159;Micranthemum tweediei 'Monte Carlo';https%3A%2F%2Ftropica.com%2F%2Fen%2Fplants%2Fplantdetails%2FMicranthemumtweediei%27MonteCarlo%27%28025%29%2F22880;https%3A%2F%2Ftropica.com%2Fimagegen.ashx%3Fwidth%3D200%26image%3D%2FPlants%2F025%2F2.png%26crop%3Dresize%26class%3Dproduct;Carpeting;South America;veloce;3;5;media;media;/Graphics/Web/icon_difficulty_Medium.png;Medium.png
160;Micranthemum umbrosum;https%3A%2F%2Ftropica.com%2F%2Fen%2Fplants%2Fplantdetails%2FMicranthemumumbrosum%28048ST%29%2F19793;https%3A%2F%2Ftropica.com%2Fimagegen.ashx%3Fwidth%3D200%26image%3D%2FPlants%2F048%20ST%2F2.png%26crop%3Dresize%26class%3Dproduct;Stem;North America;;10;15;media;media;/Graphics/Web/icon_difficulty_Medium.png;Medium.png
161;Micranthemum umbrosum;https%3A%2F%2Ftropica.com%2F%2Fen%2Fplants%2Fplantdetails%2FMicranthemumumbrosum%28048%29%2F4475;https%3A%2F%2Ftropica.com%2Fimagegen.ashx%3Fwidth%3D200%26image%3D%2FPlants%2F048%2F2.png%26crop%3Dresize%26class%3Dproduct;Stem;North America;veloce;10;15;media;media;/Graphics/Web/icon_difficulty_Medium.png;Medium.png
162;Microsorum - Anubias 'Duet';https%3A%2F%2Ftropica.com%2F%2Fen%2Fplants%2Fplantdetails%2FMicrosorum-Anubias%27Duet%27%28008NYWX%29%2F4427;https%3A%2F%2Ftropica.com%2Fimagegen.ashx%3Fwidth%3D200%26image%3D%2FPlants%2F008N%20YWX%2F2.png%26crop%3Dresize%26class%3Dproduct;Rhizomatous;Cultivar;lento;15;20;poca;poca;/Graphics/Web/icon_difficulty_Easy.png;Easy.png
163;Microsorum pteropus;https%3A%2F%2Ftropica.com%2F%2Fen%2Fplants%2Fplantdetails%2FMicrosorumpteropus%28008XL%29%2F4409;https%3A%2F%2Ftropica.com%2Fimagegen.ashx%3Fwidth%3D200%26image%3D%2FPlants%2F008%20XL%2F2.png%26crop%3Dresize%26class%3Dproduct;Rhizomatous;Asia;lento;15;30;poca;poca;/Graphics/Web/icon_difficulty_Easy.png;Easy.png
164;Microsorum pteropus;https%3A%2F%2Ftropica.com%2F%2Fen%2Fplants%2Fplantdetails%2FMicrosorumpteropus%28008YLS%29%2F4410;https%3A%2F%2Ftropica.com%2Fimagegen.ashx%3Fwidth%3D200%26image%3D%2FPlants%2F008%20YLS%2F2.png%26crop%3Dresize%26class%3Dproduct;Rhizomatous;Asia;lento;15;30;poca;poca;/Graphics/Web/icon_difficulty_Easy.png;Easy.png
165;Microsorum pteropus;https%3A%2F%2Ftropica.com%2F%2Fen%2Fplants%2Fplantdetails%2FMicrosorumpteropus%28008YWS%29%2F4412;https%3A%2F%2Ftropica.com%2Fimagegen.ashx%3Fwidth%3D200%26image%3D%2FPlants%2F008%20YWS%2F2.png%26crop%3Dresize%26class%3Dproduct;Rhizomatous;Asia;lento;15;30;poca;poca;/Graphics/Web/icon_difficulty_Easy.png;Easy.png
166;Microsorum pteropus;https%3A%2F%2Ftropica.com%2F%2Fen%2Fplants%2Fplantdetails%2FMicrosorumpteropus%28008YWX%29%2F4413;https%3A%2F%2Ftropica.com%2Fimagegen.ashx%3Fwidth%3D200%26image%3D%2FPlants%2F008%20YWX%2F2.png%26crop%3Dresize%26class%3Dproduct;Rhizomatous;Asia;lento;15;30;poca;poca;/Graphics/Web/icon_difficulty_Easy.png;Easy.png
167;Microsorum pteropus;https%3A%2F%2Ftropica.com%2F%2Fen%2Fplants%2Fplantdetails%2FMicrosorumpteropus%28008%29%2F4408;https%3A%2F%2Ftropica.com%2Fimagegen.ashx%3Fwidth%3D200%26image%3D%2FPlants%2F008%2F2.png%26crop%3Dresize%26class%3Dproduct;Rhizomatous;Asia;lento;15;30;poca;poca;/Graphics/Web/icon_difficulty_Easy.png;Easy.png
168;Microsorum pteropus 'Narrow';https%3A%2F%2Ftropica.com%2F%2Fen%2Fplants%2Fplantdetails%2FMicrosorumpteropus%27Narrow%27%28008APCS%29%2F18821;https%3A%2F%2Ftropica.com%2Fimagegen.ashx%3Fwidth%3D200%26image%3D%2FPlants%2F008A%20PCS%2F2.JPG%26crop%3Dresize%26class%3Dproduct;Rhizomatous;Asia;lento;10;20;poca;poca;/Graphics/Web/icon_difficulty_Easy.png;Easy.png
169;Microsorum pteropus 'Narrow';https%3A%2F%2Ftropica.com%2F%2Fen%2Fplants%2Fplantdetails%2FMicrosorumpteropus%27Narrow%27%28008AYWS%29%2F4415;https%3A%2F%2Ftropica.com%2Fimagegen.ashx%3Fwidth%3D200%26image%3D%2FPlants%2F008A%20YWS%2F2.png%26crop%3Dresize%26class%3Dproduct;Rhizomatous;Asia;lento;10;20;poca;poca;/Graphics/Web/icon_difficulty_Easy.png;Easy.png
170;Microsorum pteropus 'Narrow';https%3A%2F%2Ftropica.com%2F%2Fen%2Fplants%2Fplantdetails%2FMicrosorumpteropus%27Narrow%27%28008AZWS%29%2F4417;https%3A%2F%2Ftropica.com%2Fimagegen.ashx%3Fwidth%3D200%26image%3D%2FPlants%2F008A%20ZWS%2F2.png%26crop%3Dresize%26class%3Dproduct;Rhizomatous;Asia;lento;10;20;poca;poca;/Graphics/Web/icon_difficulty_Easy.png;Easy.png
171;Microsorum pteropus 'Narrow';https%3A%2F%2Ftropica.com%2F%2Fen%2Fplants%2Fplantdetails%2FMicrosorumpteropus%27Narrow%27%28008A%29%2F4414;https%3A%2F%2Ftropica.com%2Fimagegen.ashx%3Fwidth%3D200%26image%3D%2FPlants%2F008A%2F2.png%26crop%3Dresize%26class%3Dproduct;Rhizomatous;Asia;lento;10;20;poca;poca;/Graphics/Web/icon_difficulty_Easy.png;Easy.png
172;Microsorum pteropus 'Trident';https%3A%2F%2Ftropica.com%2F%2Fen%2Fplants%2Fplantdetails%2FMicrosorumpteropus%27Trident%27%28008GYWS%29%2F4425;https%3A%2F%2Ftropica.com%2Fimagegen.ashx%3Fwidth%3D200%26image%3D%2FPlants%2F008G%20YWS%2F2.png%26crop%3Dresize%26class%3Dproduct;Rhizomatous;Cultivar;lento;15;20;poca;poca;/Graphics/Web/icon_difficulty_Easy.png;Easy.png
173;Microsorum pteropus 'Trident';https%3A%2F%2Ftropica.com%2F%2Fen%2Fplants%2Fplantdetails%2FMicrosorumpteropus%27Trident%27%28008GZWM%29%2F4426;https%3A%2F%2Ftropica.com%2Fimagegen.ashx%3Fwidth%3D200%26image%3D%2FPlants%2F008G%20ZWM%2F2.JPG%26crop%3Dresize%26class%3Dproduct;Rhizomatous;Cultivar;lento;15;20;poca;poca;/Graphics/Web/icon_difficulty_Easy.png;Easy.png
174;Microsorum pteropus 'Trident';https%3A%2F%2Ftropica.com%2F%2Fen%2Fplants%2Fplantdetails%2FMicrosorumpteropus%27Trident%27%28008GZWS%29%2F19275;https%3A%2F%2Ftropica.com%2Fimagegen.ashx%3Fwidth%3D200%26image%3D%2FPlants%2F008G%20ZWS%2F2.png%26crop%3Dresize%26class%3Dproduct;Rhizomatous;;lento;15;20;poca;poca;/Graphics/Web/icon_difficulty_Easy.png;Easy.png
175;Microsorum pteropus 'Trident';https%3A%2F%2Ftropica.com%2F%2Fen%2Fplants%2Fplantdetails%2FMicrosorumpteropus%27Trident%27%28008G%29%2F4424;https%3A%2F%2Ftropica.com%2Fimagegen.ashx%3Fwidth%3D200%26image%3D%2FPlants%2F008G%2F2.png%26crop%3Dresize%26class%3Dproduct;Rhizomatous;Cultivar;lento;15;20;poca;poca;/Graphics/Web/icon_difficulty_Easy.png;Easy.png
176;Microsorum pteropus 'Windel v';https%3A%2F%2Ftropica.com%2F%2Fen%2Fplants%2Fplantdetails%2FMicrosorumpteropus%27Windel%C3%B8v%27%28008BYWS%29%2F4420;https%3A%2F%2Ftropica.com%2Fimagegen.ashx%3Fwidth%3D200%26image%3D%2FPlants%2F008B%20YWS%2F2.png%26crop%3Dresize%26class%3Dproduct;Rhizomatous;Cultivar;lento;10;20;poca;poca;/Graphics/Web/icon_difficulty_Easy.png;Easy.png
177;Microsorum pteropus 'Windel v';https%3A%2F%2Ftropica.com%2F%2Fen%2Fplants%2Fplantdetails%2FMicrosorumpteropus%27Windel%C3%B8v%27%28008BYWX%29%2F4421;https%3A%2F%2Ftropica.com%2Fimagegen.ashx%3Fwidth%3D200%26image%3D%2FPlants%2F008B%20YWX%2F2.png%26crop%3Dresize%26class%3Dproduct;Rhizomatous;Cultivar;lento;10;20;poca;poca;/Graphics/Web/icon_difficulty_Easy.png;Easy.png
178;Microsorum pteropus 'Windel v';https%3A%2F%2Ftropica.com%2F%2Fen%2Fplants%2Fplantdetails%2FMicrosorumpteropus%27Windel%C3%B8v%27%28008BZWM%29%2F4422;https%3A%2F%2Ftropica.com%2Fimagegen.ashx%3Fwidth%3D200%26image%3D%2FPlants%2F008B%20ZWM%2F2.JPG%26crop%3Dresize%26class%3Dproduct;Rhizomatous;Cultivar;lento;10;20;poca;poca;/Graphics/Web/icon_difficulty_Easy.png;Easy.png
179;Microsorum pteropus 'Windel v';https%3A%2F%2Ftropica.com%2F%2Fen%2Fplants%2Fplantdetails%2FMicrosorumpteropus%27Windel%C3%B8v%27%28008BZWS%29%2F4423;https%3A%2F%2Ftropica.com%2Fimagegen.ashx%3Fwidth%3D200%26image%3D%2FPlants%2F008B%20ZWS%2F2.png%26crop%3Dresize%26class%3Dproduct;Rhizomatous;Cultivar;lento;10;20;poca;poca;/Graphics/Web/icon_difficulty_Easy.png;Easy.png
180;Microsorum pteropus 'Windel v';https%3A%2F%2Ftropica.com%2F%2Fen%2Fplants%2Fplantdetails%2FMicrosorumpteropus%27Windel%C3%B8v%27%28008B%29%2F4418;https%3A%2F%2Ftropica.com%2Fimagegen.ashx%3Fwidth%3D200%26image%3D%2FPlants%2F008B%2F2.png%26crop%3Dresize%26class%3Dproduct;Rhizomatous;Cultivar;lento;10;20;poca;poca;/Graphics/Web/icon_difficulty_Easy.png;Easy.png
181;Microsorum sp.;https%3A%2F%2Ftropica.com%2F%2Fen%2Fplants%2Fplantdetails%2FMicrosorumsp.%28500OWX%29%2F4582;https%3A%2F%2Ftropica.com%2Fimagegen.ashx%3Fwidth%3D200%26image%3D%2FPlants%2F500%20OWX%2F2.png%26crop%3Dresize%26class%3Dproduct;Rhizomatous;Asia;medio;15;20;poca;poca;/Graphics/Web/icon_difficulty_Easy.png;Easy.png
182;Monosolenium tenerum;https%3A%2F%2Ftropica.com%2F%2Fen%2Fplants%2Fplantdetails%2FMonosoleniumtenerum%28002CTC%29%2F18747;https%3A%2F%2Ftropica.com%2Fimagegen.ashx%3Fwidth%3D200%26image%3D%2FPlants%2F002C%20TC%2F2.png%26crop%3Dresize%26class%3Dproduct;Moss;Asia;medio;3;5;poca;poca;/Graphics/Web/icon_difficulty_Easy.png;Easy.png
183;Murdannia keisak;https%3A%2F%2Ftropica.com%2F%2Fen%2Fplants%2Fplantdetails%2FMurdanniakeisak%28135%29%2F4763;https%3A%2F%2Ftropica.com%2Fimagegen.ashx%3Fwidth%3D200%26image%3D%2FPlants%2F135%2F2.png%26crop%3Dresize%26class%3Dproduct;Stem;Asia;veloce;5;20;poca;poca;/Graphics/Web/icon_difficulty_Easy.png;Easy.png
184;Myriophyllum mattogrossense;https%3A%2F%2Ftropica.com%2F%2Fen%2Fplants%2Fplantdetails%2FMyriophyllummattogrossense%28037TC%29%2F28108;https%3A%2F%2Ftropica.com%2Fimagegen.ashx%3Fwidth%3D200%26image%3D%2FPlants%2F037%20TC%2F2.JPG%26crop%3Dresize%26class%3Dproduct;Stem;South America;veloce;20;30;media;media;/Graphics/Web/icon_difficulty_Medium.png;Medium.png
185;Myriophyllum mattogrossense;https%3A%2F%2Ftropica.com%2F%2Fen%2Fplants%2Fplantdetails%2FMyriophyllummattogrossense%28037%29%2F4454;https%3A%2F%2Ftropica.com%2Fimagegen.ashx%3Fwidth%3D200%26image%3D%2FPlants%2F037%2F2.JPG%26crop%3Dresize%26class%3Dproduct;Stem;South America;veloce;20;30;media;media;/Graphics/Web/icon_difficulty_Medium.png;Medium.png
186;Myriophyllum sp. 'Guyana';https%3A%2F%2Ftropica.com%2F%2Fen%2Fplants%2Fplantdetails%2FMyriophyllumsp.%27Guyana%27%28037ETC%29%2F19549;https%3A%2F%2Ftropica.com%2Fimagegen.ashx%3Fwidth%3D200%26image%3D%2FPlants%2F037E%20TC%2F2.png%26crop%3Dresize%26class%3Dproduct;Stem;South America;medio;10;30;media;media;/Graphics/Web/icon_difficulty_Medium.png;Medium.png
187;Nymphaea lotus;https%3A%2F%2Ftropica.com%2F%2Fen%2Fplants%2Fplantdetails%2FNymphaealotus%28019%29%2F4432;https%3A%2F%2Ftropica.com%2Fimagegen.ashx%3Fwidth%3D200%26image%3D%2FPlants%2F019%2F2.png%26crop%3Dresize%26class%3Dproduct;Bulb/onion;Africa;medio;20;30;media;poca;/Graphics/Web/icon_difficulty_Medium.png;Medium.png
188;Nymphoides hydrophylla 'Taiwan';https%3A%2F%2Ftropica.com%2F%2Fen%2Fplants%2Fplantdetails%2FNymphoideshydrophylla%27Taiwan%27%28041BTC%29%2F4463;https%3A%2F%2Ftropica.com%2Fimagegen.ashx%3Fwidth%3D200%26image%3D%2FPlants%2F041B%20TC%2F2.png%26crop%3Dresize%26class%3Dproduct;Rhizomatous;Asia;veloce;15;10;poca;media;/Graphics/Web/icon_difficulty_Easy.png;Easy.png
189;Nymphoides hydrophylla 'Taiwan';https%3A%2F%2Ftropica.com%2F%2Fen%2Fplants%2Fplantdetails%2FNymphoideshydrophylla%27Taiwan%27%28041B%29%2F4462;https%3A%2F%2Ftropica.com%2Fimagegen.ashx%3Fwidth%3D200%26image%3D%2FPlants%2F041B%2F2.png%26crop%3Dresize%26class%3Dproduct;Bulb/onion;Asia;veloce;15;30;poca;media;/Graphics/Web/icon_difficulty_Easy.png;Easy.png
190;Phyllanthus fluitans;https%3A%2F%2Ftropica.com%2F%2Fen%2Fplants%2Fplantdetails%2FPhyllanthusfluitans%28028TC%29%2F22848;https%3A%2F%2Ftropica.com%2Fimagegen.ashx%3Fwidth%3D200%26image%3D%2FPlants%2F028%20TC%2F2.JPG%26crop%3Dresize%26class%3Dproduct;Floating plant;South America;medio;3;5;poca;poca;/Graphics/Web/icon_difficulty_Easy.png;Easy.png
191;Pogostemon deccanensis;https%3A%2F%2Ftropica.com%2F%2Fen%2Fplants%2Fplantdetails%2FPogostemondeccanensis%28053FTC%29%2F4497;https%3A%2F%2Ftropica.com%2Fimagegen.ashx%3Fwidth%3D200%26image%3D%2FPlants%2F053F%20TC%2F2.JPG%26crop%3Dresize%26class%3Dproduct;Stem;Asia;medio;15;30;media;media;/Graphics/Web/icon_difficulty_Medium.png;Medium.png
192;Pogostemon deccanensis;https%3A%2F%2Ftropica.com%2F%2Fen%2Fplants%2Fplantdetails%2FPogostemondeccanensis%28053F%29%2F4496;https%3A%2F%2Ftropica.com%2Fimagegen.ashx%3Fwidth%3D200%26image%3D%2FPlants%2F053F%2F2.png%26crop%3Dresize%26class%3Dproduct;Stem;Asia;medio;15;30;media;media;/Graphics/Web/icon_difficulty_Medium.png;Medium.png
193;Pogostemon helferi;https%3A%2F%2Ftropica.com%2F%2Fen%2Fplants%2Fplantdetails%2FPogostemonhelferi%28053HTC%29%2F19680;https%3A%2F%2Ftropica.com%2Fimagegen.ashx%3Fwidth%3D200%26image%3D%2FPlants%2F053H%20TC%2F2.png%26crop%3Dresize%26class%3Dproduct;Stem;Asia;medio;3;10;media;media;/Graphics/Web/icon_difficulty_Medium.png;Medium.png
194;Pogostemon helferi;https%3A%2F%2Ftropica.com%2F%2Fen%2Fplants%2Fplantdetails%2FPogostemonhelferi%28053HYLS%29%2F4500;https%3A%2F%2Ftropica.com%2Fimagegen.ashx%3Fwidth%3D200%26image%3D%2FPlants%2F053H%20YLS%2F2.png%26crop%3Dresize%26class%3Dproduct;Stem;Asia;medio;3;10;media;media;/Graphics/Web/icon_difficulty_Medium.png;Medium.png
195;Pogostemon helferi;https%3A%2F%2Ftropica.com%2F%2Fen%2Fplants%2Fplantdetails%2FPogostemonhelferi%28053H%29%2F4499;https%3A%2F%2Ftropica.com%2Fimagegen.ashx%3Fwidth%3D200%26image%3D%2FPlants%2F053H%2F2.png%26crop%3Dresize%26class%3Dproduct;Stem;Asia;medio;3;10;media;media;/Graphics/Web/icon_difficulty_Medium.png;Medium.png
196;Pogostemon stellatus;https%3A%2F%2Ftropica.com%2F%2Fen%2Fplants%2Fplantdetails%2FPogostemonstellatus%28053G%29%2F4498;https%3A%2F%2Ftropica.com%2Fimagegen.ashx%3Fwidth%3D200%26image%3D%2FPlants%2F053G%2F2.png%26crop%3Dresize%26class%3Dproduct;Stem;Asia;medio;15;30;tanta;tanta;/Graphics/Web/icon_difficulty_Advanced.png;Advanced.png
197;Proserpinaca palustris 'Cuba';https%3A%2F%2Ftropica.com%2F%2Fen%2Fplants%2Fplantdetails%2FProserpinacapalustris%27Cuba%27%28037CTC%29%2F4766;https%3A%2F%2Ftropica.com%2Fimagegen.ashx%3Fwidth%3D200%26image%3D%2FPlants%2F037C%20TC%2F2.JPG%26crop%3Dresize%26class%3Dproduct;Stem;South America;medio;10;30;tanta;tanta;/Graphics/Web/icon_difficulty_Advanced.png;Advanced.png
198;Ranunculus inundatus;https%3A%2F%2Ftropica.com%2F%2Fen%2Fplants%2Fplantdetails%2FRanunculusinundatus%28022CTC%29%2F18225;https%3A%2F%2Ftropica.com%2Fimagegen.ashx%3Fwidth%3D200%26image%3D%2FPlants%2F022C%20TC%2F2.png%26crop%3Dresize%26class%3Dproduct;Stolon;Australia;medio;5;5;media;media;/Graphics/Web/icon_difficulty_Medium.png;Medium.png
199;Riccardia chamedryfolia;https%3A%2F%2Ftropica.com%2F%2Fen%2Fplants%2Fplantdetails%2FRiccardiachamedryfolia%28003D%29%2F4400;https%3A%2F%2Ftropica.com%2Fimagegen.ashx%3Fwidth%3D200%26image%3D%2FPlants%2F003D%2F2.png%26crop%3Dresize%26class%3Dproduct;Moss;Asia;lento;3;5;tanta;media;/Graphics/Web/icon_difficulty_Advanced.png;Advanced.png
200;Riccia fluitans;https%3A%2F%2Ftropica.com%2F%2Fen%2Fplants%2Fplantdetails%2FRicciafluitans%28001TC%29%2F4386;https%3A%2F%2Ftropica.com%2Fimagegen.ashx%3Fwidth%3D200%26image%3D%2FPlants%2F001%20TC%2F2.png%26crop%3Dresize%26class%3Dproduct;Moss;Cosmopolitan;medio;3;5;media;media;/Graphics/Web/icon_difficulty_Medium.png;Medium.png
201;Rotala indica 'Bonsai';https%3A%2F%2Ftropica.com%2F%2Fen%2Fplants%2Fplantdetails%2FRotalaindica%27Bonsai%27%28033ETC%29%2F4451;https%3A%2F%2Ftropica.com%2Fimagegen.ashx%3Fwidth%3D200%26image%3D%2FPlants%2F033E%20TC%2F2.png%26crop%3Dresize%26class%3Dproduct;Stem;Cultivar;lento;5;20;media;media;/Graphics/Web/icon_difficulty_Medium.png;Medium.png
202;Rotala macrandra;https%3A%2F%2Ftropica.com%2F%2Fen%2Fplants%2Fplantdetails%2FRotalamacrandra%28032TC%29%2F4445;https%3A%2F%2Ftropica.com%2Fimagegen.ashx%3Fwidth%3D200%26image%3D%2FPlants%2F032%20TC%2F2.png%26crop%3Dresize%26class%3Dproduct;Stem;Asia;medio;20;30;tanta;tanta;/Graphics/Web/icon_difficulty_Advanced.png;Advanced.png
203;Rotala rotundifolia;https%3A%2F%2Ftropica.com%2F%2Fen%2Fplants%2Fplantdetails%2FRotalarotundifolia%28033MP%29%2F18810;https%3A%2F%2Ftropica.com%2Fimagegen.ashx%3Fwidth%3D200%26image%3D%2FPlants%2F033%20MP%2F2.png%26crop%3Dresize%26class%3Dproduct;Stem;Asia;medio;15;30;poca;poca;/Graphics/Web/icon_difficulty_Easy.png;Easy.png
204;Rotala rotundifolia;https%3A%2F%2Ftropica.com%2F%2Fen%2Fplants%2Fplantdetails%2FRotalarotundifolia%28033PCS%29%2F18799;https%3A%2F%2Ftropica.com%2Fimagegen.ashx%3Fwidth%3D200%26image%3D%2FPlants%2F033%20PCS%2F2.png%26crop%3Dresize%26class%3Dproduct;Stem;Asia;medio;15;30;poca;poca;/Graphics/Web/icon_difficulty_Easy.png;Easy.png
205;Rotala rotundifolia;https%3A%2F%2Ftropica.com%2F%2Fen%2Fplants%2Fplantdetails%2FRotalarotundifolia%28033%29%2F4447;https%3A%2F%2Ftropica.com%2Fimagegen.ashx%3Fwidth%3D200%26image%3D%2FPlants%2F033%2F2.png%26crop%3Dresize%26class%3Dproduct;Stem;Asia;medio;15;30;poca;poca;/Graphics/Web/icon_difficulty_Easy.png;Easy.png
206;Rotala rotundifolia 'Green';https%3A%2F%2Ftropica.com%2F%2Fen%2Fplants%2Fplantdetails%2FRotalarotundifolia%27Green%27%28033ATC%29%2F22545;https%3A%2F%2Ftropica.com%2Fimagegen.ashx%3Fwidth%3D200%26image%3D%2FPlants%2F033A%20TC%2F2.JPG%26crop%3Dresize%26class%3Dproduct;Stem;Asia;veloce;20;30;media;media;/Graphics/Web/icon_difficulty_Medium.png;Medium.png
207;Rotala rotundifolia 'H'ra';https%3A%2F%2Ftropica.com%2F%2Fen%2Fplants%2Fplantdetails%2FRotalarotundifolia%27H%27ra%27%28032CTC%29%2F19550;https%3A%2F%2Ftropica.com%2Fimagegen.ashx%3Fwidth%3D200%26image%3D%2FPlants%2F032C%20TC%2F2.png%26crop%3Dresize%26class%3Dproduct;Stem;Asia;veloce;3;20;media;media;/Graphics/Web/icon_difficulty_Medium.png;Medium.png
208;Rotala wallichii;https%3A%2F%2Ftropica.com%2F%2Fen%2Fplants%2Fplantdetails%2FRotalawallichii%28032ATC%29%2F18748;https%3A%2F%2Ftropica.com%2Fimagegen.ashx%3Fwidth%3D200%26image%3D%2FPlants%2F032A%20TC%2F2.png%26crop%3Dresize%26class%3Dproduct;Stem;Asia;medio;10;30;tanta;tanta;/Graphics/Web/icon_difficulty_Advanced.png;Advanced.png
209;Sagittaria subulata;https%3A%2F%2Ftropica.com%2F%2Fen%2Fplants%2Fplantdetails%2FSagittariasubulata%28079PCS%29%2F21135;https%3A%2F%2Ftropica.com%2Fimagegen.ashx%3Fwidth%3D200%26image%3D%2FPlants%2F079%20PCS%2F2.png%26crop%3Dresize%26class%3Dproduct;Stolon;South America;veloce;5;30;poca;media;/Graphics/Web/icon_difficulty_Easy.png;Easy.png
210;Sagittaria subulata;https%3A%2F%2Ftropica.com%2F%2Fen%2Fplants%2Fplantdetails%2FSagittariasubulata%28079TC%29%2F18270;https%3A%2F%2Ftropica.com%2Fimagegen.ashx%3Fwidth%3D200%26image%3D%2FPlants%2F079%20TC%2F2.png%26crop%3Dresize%26class%3Dproduct;Stolon;South America;veloce;5;30;poca;media;/Graphics/Web/icon_difficulty_Easy.png;Easy.png
211;Sagittaria subulata;https%3A%2F%2Ftropica.com%2F%2Fen%2Fplants%2Fplantdetails%2FSagittariasubulata%28079%29%2F4530;https%3A%2F%2Ftropica.com%2Fimagegen.ashx%3Fwidth%3D200%26image%3D%2FPlants%2F079%2F2.png%26crop%3Dresize%26class%3Dproduct;Stolon;South America;veloce;5;30;poca;media;/Graphics/Web/icon_difficulty_Easy.png;Easy.png
212;Schismatoglottis prietoi;https%3A%2F%2Ftropica.com%2F%2Fen%2Fplants%2Fplantdetails%2FSchismatoglottisprietoi%28102TC%29%2F29519;https%3A%2F%2Ftropica.com%2Fimagegen.ashx%3Fwidth%3D200%26image%3D%2FPlants%2F102%20TC%2F2.JPG%26crop%3Dresize%26class%3Dproduct;Stolon;Asia;medio;3;5;poca;poca;/Graphics/Web/icon_difficulty_Easy.png;Easy.png
213;Shinnersia rivularis 'Weiss-Gr n';https%3A%2F%2Ftropica.com%2F%2Fen%2Fplants%2Fplantdetails%2FShinnersiarivularis%27Weiss-Gr%C3%BCn%27%28053E%29%2F4495;https%3A%2F%2Ftropica.com%2Fimagegen.ashx%3Fwidth%3D200%26image%3D%2FPlants%2F053E%2F2.png%26crop%3Dresize%26class%3Dproduct;Stem;Cultivar;veloce;10;30;media;media;/Graphics/Web/icon_difficulty_Medium.png;Medium.png
214;Staurogyne repens;https%3A%2F%2Ftropica.com%2F%2Fen%2Fplants%2Fplantdetails%2FStaurogynerepens%28049GPCS%29%2F19617;https%3A%2F%2Ftropica.com%2Fimagegen.ashx%3Fwidth%3D200%26image%3D%2FPlants%2F049G%20PCS%2F2.png%26crop%3Dresize%26class%3Dproduct;Stem;South America;medio;3;10;poca;poca;/Graphics/Web/icon_difficulty_Easy.png;Easy.png
215;Staurogyne repens;https%3A%2F%2Ftropica.com%2F%2Fen%2Fplants%2Fplantdetails%2FStaurogynerepens%28049GTC%29%2F4482;https%3A%2F%2Ftropica.com%2Fimagegen.ashx%3Fwidth%3D200%26image%3D%2FPlants%2F049G%20TC%2F2.png%26crop%3Dresize%26class%3Dproduct;Stem;South America;medio;3;10;poca;poca;/Graphics/Web/icon_difficulty_Easy.png;Easy.png
216;Staurogyne repens;https%3A%2F%2Ftropica.com%2F%2Fen%2Fplants%2Fplantdetails%2FStaurogynerepens%28049G%29%2F4481;https%3A%2F%2Ftropica.com%2Fimagegen.ashx%3Fwidth%3D200%26image%3D%2FPlants%2F049G%2F2.png%26crop%3Dresize%26class%3Dproduct;Stem;South America;medio;3;10;poca;poca;/Graphics/Web/icon_difficulty_Easy.png;Easy.png
217;Taxiphyllum alternans 'Taiwan Moss';https%3A%2F%2Ftropica.com%2F%2Fen%2Fplants%2Fplantdetails%2FTaxiphyllumalternans%27TaiwanMoss%27%28003CTC%29%2F19551;https%3A%2F%2Ftropica.com%2Fimagegen.ashx%3Fwidth%3D200%26image%3D%2FPlants%2F003C%20TC%2F2.png%26crop%3Dresize%26class%3Dproduct;Moss;Asia;medio;3;10;poca;poca;/Graphics/Web/icon_difficulty_Easy.png;Easy.png
218;Taxiphyllum barbieri 'Bogor Moss';https%3A%2F%2Ftropica.com%2F%2Fen%2Fplants%2Fplantdetails%2FTaxiphyllumbarbieri%27BogorMoss%27%28003POR%29%2F4391;https%3A%2F%2Ftropica.com%2Fimagegen.ashx%3Fwidth%3D200%26image%3D%2FPlants%2F003%20POR%2F2.png%26crop%3Dresize%26class%3Dproduct;Moss;Asia;medio;3;10;poca;poca;/Graphics/Web/icon_difficulty_Easy.png;Easy.png
219;Taxiphyllum barbieri 'Bogor Moss';https%3A%2F%2Ftropica.com%2F%2Fen%2Fplants%2Fplantdetails%2FTaxiphyllumbarbieri%27BogorMoss%27%28003TC%29%2F4393;https%3A%2F%2Ftropica.com%2Fimagegen.ashx%3Fwidth%3D200%26image%3D%2FPlants%2F003%20TC%2F2.JPG%26crop%3Dresize%26class%3Dproduct;Moss;Asia;medio;3;10;poca;poca;/Graphics/Web/icon_difficulty_Easy.png;Easy.png
220;Taxiphyllum barbieri 'Bogor Moss';https%3A%2F%2Ftropica.com%2F%2Fen%2Fplants%2Fplantdetails%2FTaxiphyllumbarbieri%27BogorMoss%27%28003YLS%29%2F4394;https%3A%2F%2Ftropica.com%2Fimagegen.ashx%3Fwidth%3D200%26image%3D%2FPlants%2F003%20YLS%2F2.png%26crop%3Dresize%26class%3Dproduct;Moss;Asia;medio;3;10;poca;poca;/Graphics/Web/icon_difficulty_Easy.png;Easy.png
221;Taxiphyllum sp.  Flame Moss ;https%3A%2F%2Ftropica.com%2F%2Fen%2Fplants%2Fplantdetails%2FTaxiphyllumsp.%E2%80%99FlameMoss%E2%80%99%28003HTC%29%2F4403;https%3A%2F%2Ftropica.com%2Fimagegen.ashx%3Fwidth%3D200%26image%3D%2FPlants%2F003H%20TC%2F2.JPG%26crop%3Dresize%26class%3Dproduct;Moss;Asia;lento;3;10;poca;poca;/Graphics/Web/icon_difficulty_Medium.png;Medium.png
222;Taxiphyllum sp. 'Spiky Moss';https%3A%2F%2Ftropica.com%2F%2Fen%2Fplants%2Fplantdetails%2FTaxiphyllumsp.%27SpikyMoss%27%28003GPOR%29%2F4402;https%3A%2F%2Ftropica.com%2Fimagegen.ashx%3Fwidth%3D200%26image%3D%2FPlants%2F003G%20POR%2F2.png%26crop%3Dresize%26class%3Dproduct;Moss;Asia;medio;3;10;poca;poca;/Graphics/Web/icon_difficulty_Easy.png;Easy.png
223;Taxiphyllum sp. 'Spiky Moss';https%3A%2F%2Ftropica.com%2F%2Fen%2Fplants%2Fplantdetails%2FTaxiphyllumsp.%27SpikyMoss%27%28003GTC%29%2F18271;https%3A%2F%2Ftropica.com%2Fimagegen.ashx%3Fwidth%3D200%26image%3D%2FPlants%2F003G%20TC%2F2.png%26crop%3Dresize%26class%3Dproduct;Moss;Asia;medio;3;10;poca;poca;/Graphics/Web/icon_difficulty_Easy.png;Easy.png
224;Utricularia graminifolia;https%3A%2F%2Ftropica.com%2F%2Fen%2Fplants%2Fplantdetails%2FUtriculariagraminifolia%28049BTC%29%2F4480;https%3A%2F%2Ftropica.com%2Fimagegen.ashx%3Fwidth%3D200%26image%3D%2FPlants%2F049B%20TC%2F2.png%26crop%3Dresize%26class%3Dproduct;Carpeting;Asia;medio;3;10;media;media;/Graphics/Web/icon_difficulty_Advanced.png;Advanced.png
225;Vallisneria americana 'Gigantea';https%3A%2F%2Ftropica.com%2F%2Fen%2Fplants%2Fplantdetails%2FVallisneriaamericana%27Gigantea%27%28054%29%2F4501;https%3A%2F%2Ftropica.com%2Fimagegen.ashx%3Fwidth%3D200%26image%3D%2FPlants%2F054%2F2.JPG%26crop%3Dresize%26class%3Dproduct;Stolon;Asia;veloce;20;30;poca;poca;/Graphics/Web/icon_difficulty_Easy.png;Easy.png
226;Vallisneria spiralis 'Tiger';https%3A%2F%2Ftropica.com%2F%2Fen%2Fplants%2Fplantdetails%2FVallisneriaspiralis%27Tiger%27%28055A%29%2F4503;https%3A%2F%2Ftropica.com%2Fimagegen.ashx%3Fwidth%3D200%26image%3D%2FPlants%2F055A%2F2.png%26crop%3Dresize%26class%3Dproduct;Stolon;Asia;veloce;20;30;poca;poca;/Graphics/Web/icon_difficulty_Easy.png;Easy.png
227;Vesicularia ferriei 'Weeping Moss';https%3A%2F%2Ftropica.com%2F%2Fen%2Fplants%2Fplantdetails%2FVesiculariaferriei%27WeepingMoss%27%28003BPOR%29%2F4398;https%3A%2F%2Ftropica.com%2Fimagegen.ashx%3Fwidth%3D200%26image%3D%2FPlants%2F003B%20POR%2F2.png%26crop%3Dresize%26class%3Dproduct;Moss;Asia;medio;3;5;media;poca;/Graphics/Web/icon_difficulty_Medium.png;Medium.png
228;Vesicularia ferriei 'Weeping Moss';https%3A%2F%2Ftropica.com%2F%2Fen%2Fplants%2Fplantdetails%2FVesiculariaferriei%27WeepingMoss%27%28003BTC%29%2F4399;https%3A%2F%2Ftropica.com%2Fimagegen.ashx%3Fwidth%3D200%26image%3D%2FPlants%2F003B%20TC%2F2.JPG%26crop%3Dresize%26class%3Dproduct;Moss;Asia;medio;3;5;media;poca;/Graphics/Web/icon_difficulty_Medium.png;Medium.png
229;Vesicularia montagnei 'Christmas';https%3A%2F%2Ftropica.com%2F%2Fen%2Fplants%2Fplantdetails%2FVesiculariamontagnei%27Christmas%27%28003AYWS%29%2F4397;https%3A%2F%2Ftropica.com%2Fimagegen.ashx%3Fwidth%3D200%26image%3D%2FPlants%2F003A%20YWS%2F2.png%26crop%3Dresize%26class%3Dproduct;Moss;South America;medio;3;5;media;poca;/Graphics/Web/icon_difficulty_Medium.png;Medium.png
230;Vesicularia montagnei 'Christmas Moss';https%3A%2F%2Ftropica.com%2F%2Fen%2Fplants%2Fplantdetails%2FVesiculariamontagnei%27ChristmasMoss%27%28003APOR%29%2F4395;https%3A%2F%2Ftropica.com%2Fimagegen.ashx%3Fwidth%3D200%26image%3D%2FPlants%2F003A%20POR%2F2.png%26crop%3Dresize%26class%3Dproduct;Moss;South America;medio;3;5;media;poca;/Graphics/Web/icon_difficulty_Medium.png;Medium.png
231;Vesicularia montagnei 'Christmas Moss';https%3A%2F%2Ftropica.com%2F%2Fen%2Fplants%2Fplantdetails%2FVesiculariamontagnei%27ChristmasMoss%27%28003ATC%29%2F4396;https%3A%2F%2Ftropica.com%2Fimagegen.ashx%3Fwidth%3D200%26image%3D%2FPlants%2F003A%20TC%2F2.JPG%26crop%3Dresize%26class%3Dproduct;Moss;South America;medio;3;5;media;poca;/Graphics/Web/icon_difficulty_Medium.png;Medium.png
